unit_id,book,context,lang,mode,period_written,period,ukraine,words,mean_sent_len,first_person_density,noun_ratio,verb_ratio,adj_ratio,past_tense_ratio,present_tense_ratio,mattr,yules_k,diary_marker_density,travel_marker_density,historical_marker_density,positive_ratio,negative_ratio,subjectivity,war_total_density,war_conflict_density,war_suffering_density,first_person_authorial,quoted_share,perfect_share,war_weapons_density,war_military_density
applebaum_01,applebaum,American,en,historical analysis,P1,P1,False,4362,29.06,0.0094058270245469,0.1871988988300068,0.1176875430144528,0.0835053911447579,0.4291553133514986,0.0490463215258855,0.5499241706161138,120.90417737364216,0.0027529249827942,0.0103234686854783,0.009176416609314,0.0402684563758389,0.5167785234899329,0.0105528791007111,0.0080293645331498,0.0059646707960541,0.0013764624913971,0.0096972563859981,0.0300527643955035,0.0136239782016348,0.0,0.0006882312456985
applebaum_02,applebaum,American,en,historical analysis,P1,P1,False,2140,19.88888888888889,0.0204841713221601,0.2108938547486033,0.1247672253258845,0.0819366852886405,0.4842105263157895,0.0447368421052631,0.5902933499067744,90.44338185785423,0.0013966480446927,0.0111731843575419,0.0046554934823091,0.0943396226415094,0.3962264150943396,0.0111731843575419,0.0055865921787709,0.0027932960893854,0.0009310986964618,0.0195945945945945,0.3109869646182495,0.0026315789473684,0.0004655493482309,0.0013966480446927
applebaum_03,applebaum,American,en,historical analysis,P1,P1,False,2557,22.42105263157895,0.008998435054773,0.1799687010954616,0.1232394366197183,0.0845070422535211,0.4672686230248307,0.0519187358916478,0.5499121854958066,135.03271440204767,0.0039123630672926,0.008998435054773,0.0070422535211267,0.1517857142857142,0.5267857142857143,0.0117370892018779,0.0109546165884194,0.0031298904538341,0.0039123630672926,0.0118912797281993,0.3090766823161189,0.0045146726862302,0.0007824726134585,0.0031298904538341
applebaum_04,applebaum,American,en,historical analysis,P1,P1,False,7042,16.74170616113744,0.0226468506723283,0.1830148619957537,0.1399858457183297,0.0740268931351734,0.4921540656205421,0.0905848787446505,0.5360306501547988,100.26042750219652,0.0021231422505307,0.0130219391365888,0.0060863411181882,0.0709046454767726,0.3594132029339853,0.0133050247699929,0.0069355980184005,0.0031139419674451,0.0009907997169143,0.0216741405082212,0.4318471337579618,0.0064194008559201,0.0005661712668082,0.0022646850672328
applebaum_05,applebaum,American,en,historical analysis,P1,P1,False,3969,23.702380952380956,0.0045203415369161,0.1888498242089402,0.1155198392767453,0.0919136112506278,0.5070202808112324,0.0390015600624025,0.5392328847279111,144.7732561970565,0.0020090406830738,0.0082872928176795,0.0097940733299849,0.0595238095238095,0.5178571428571429,0.0105474635861376,0.0080361627322953,0.0032646911099949,0.0012556504269211,0.0033831406822667,0.1092415871421396,0.0031201248049922,0.0,0.0035158211953792
applebaum_06,applebaum,American,en,historical analysis,P1,P1,False,4518,17.402298850574713,0.0226772346983707,0.1851607221488331,0.142668428005284,0.0777190664905328,0.3839383938393839,0.154015401540154,0.5234523570712136,94.28321989449351,0.003082342580361,0.0116688683399383,0.0057243505063848,0.0856031128404669,0.4280155642023346,0.0129898723029502,0.0052840158520475,0.0028621752531924,0.0011008366358432,0.0215384615384615,0.4275649493615148,0.0044004400440044,0.0002201673271686,0.0011008366358432
applebaum_07,applebaum,American,en,historical analysis,P1,P1,False,3378,19.830409356725145,0.0259510468888233,0.2099675611913889,0.1279858448835152,0.072250073724565,0.4928,0.0816,0.5281690042075736,103.12042682288794,0.0020642878207018,0.0117959304040106,0.0050132704217045,0.0892857142857142,0.3273809523809524,0.0117959304040106,0.0035387791212031,0.0020642878207018,0.0008846947803007,0.0206060606060606,0.2701268062518431,0.0,0.0005897965202005,0.0
applebaum_08,applebaum,American,en,historical analysis,P1,P1,False,3118,20.363636363636363,0.0105229591836734,0.1827168367346938,0.1412627551020408,0.0573979591836734,0.5548172757475083,0.0514950166112956,0.5216369969040248,131.3955376017542,0.0038265306122448,0.0127551020408163,0.0073341836734693,0.1447368421052631,0.4802631578947368,0.0133928571428571,0.0121173469387755,0.0060586734693877,0.0003188775510204,0.0061693774537296,0.4314413265306123,0.0,0.0012755102040816,0.0044642857142857
applebaum_09,applebaum,American,en,historical analysis,P1,P1,False,1677,15.76851851851852,0.0275983558426306,0.1743981209630064,0.1479741632413388,0.0692894891368173,0.4598930481283422,0.0935828877005347,0.4892714893617021,92.08943016319591,0.0041103934233705,0.0199647680563711,0.004697592483852,0.0566037735849056,0.3679245283018867,0.0158543746330005,0.008220786846741,0.002348796241926,0.0029359953024075,0.018,0.4128009395184967,0.0026737967914438,0.0,0.0029359953024075
applebaum_10,applebaum,American,en,historical analysis,P1,P1,False,1163,16.027397260273972,0.0188034188034188,0.152991452991453,0.1324786324786324,0.0666666666666666,0.5366795366795367,0.0386100386100386,0.4348024316109422,125.76859206558254,0.0008547008547008,0.0111111111111111,0.0034188034188034,0.0410958904109589,0.4931506849315068,0.0188034188034188,0.0111111111111111,0.0051282051282051,0.0025641025641025,0.0021528525296017,0.205982905982906,0.0,0.0008547008547008,0.0025641025641025
applebaum_11,applebaum,American,en,historical analysis,P1,P1,False,1977,17.848214285714285,0.0370185092546273,0.1590795397698849,0.1495747873936968,0.0555277638819409,0.513126491646778,0.0835322195704057,0.4851730245231607,102.98548314603256,0.0015007503751875,0.016008004002001,0.0040020010005002,0.1181818181818181,0.3636363636363636,0.008504252126063,0.0065032516258129,0.0025012506253126,0.0015007503751875,0.0319767441860465,0.4837418709354677,0.0119331742243436,0.0,0.0025012506253126
applebaum_12,applebaum,American,en,historical analysis,P1,P1,False,6886,21.09451219512195,0.0158982511923688,0.1806619453678277,0.1328226622344269,0.0760225466107819,0.4404388714733542,0.1347962382445141,0.5406070917474957,89.78503435470894,0.0028905911258852,0.0119959531724237,0.006648359589536,0.1083591331269349,0.3188854489164087,0.0145974851857204,0.0037577684636508,0.0008671773377655,0.0020234137881196,0.0100880017171066,0.3266367972250324,0.0180250783699059,0.0001445295562942,0.0007226477814713
applebaum_13,applebaum,American,en,historical analysis,P1,P1,False,3640,14.33984375,0.0343230727322255,0.1710705529828384,0.1438300190683737,0.0735494415690547,0.437984496124031,0.1640826873385013,0.4983898522800257,88.731461388661,0.0032688640697357,0.0122582402615091,0.0029964587305911,0.1260162601626016,0.3292682926829268,0.0160719150095341,0.0054481067828929,0.0027240533914464,0.0016344320348678,0.0298879202988792,0.3437755380005448,0.0129198966408268,0.0002724053391446,0.0008172160174339
applebaum_14,applebaum,American,en,historical analysis,P1,P1,False,6877,27.89068825910931,0.0049354042676731,0.170271447234722,0.1077079401945129,0.0969661779648715,0.4244604316546763,0.1178057553956834,0.5261172359015092,123.0851929211813,0.0021773842357381,0.0029031789809841,0.0101611264334446,0.0864197530864197,0.5679012345679012,0.0123385106691827,0.0050805632167223,0.0021773842357381,0.0015967484395412,0.0034020837763129,0.3173174626215705,0.0125899280575539,0.0,0.0013064305414428
applebaum_15,applebaum,American,en,historical analysis,P1,P1,False,4150,18.378854625550662,0.0218120805369127,0.1840843720038351,0.1255992329817833,0.0810162991371045,0.4339622641509434,0.1044025157232704,0.5096301218161683,108.88195555575544,0.0031160115052732,0.010306807286673,0.0047938638542665,0.0954545454545454,0.3227272727272727,0.0100671140939597,0.0019175455417066,0.0009587727708533,0.0004793863854266,0.0180838784147749,0.3770373921380633,0.0138364779874213,0.0002396931927133,0.0002396931927133
applebaum_16,applebaum,American,en,historical analysis,P1,P1,False,3946,19.91,0.0271220492214967,0.1901054746358614,0.1341034655951783,0.0720743345052737,0.4624664879356568,0.099195710455764,0.5317117852975496,102.13905688673135,0.0020090406830738,0.0085384229030637,0.0027624309392265,0.1377551020408163,0.3316326530612244,0.0105474635861376,0.0102963335007533,0.0047714716223003,0.0015067805123053,0.0220735785953177,0.2491210447011551,0.0053619302949061,0.0002511300853842,0.0037669512807634
applebaum_17,applebaum,American,en,historical analysis,P1,P1,False,1788,15.946902654867255,0.0316315205327413,0.1748057713651498,0.134850166481687,0.0610432852386237,0.5821325648414986,0.063400576368876,0.5104694835680751,99.91991079665164,0.0033296337402885,0.0122086570477247,0.0077691453940066,0.063063063063063,0.3063063063063063,0.0133185349611542,0.0049944506104328,0.0038845726970033,0.0005549389567147,0.0348178137651821,0.3146503884572696,0.0057636887608069,0.0,0.0005549389567147
applebaum_18,applebaum,American,en,historical analysis,P1,P1,False,1427,19.3972602739726,0.0614406779661017,0.1334745762711864,0.1271186440677966,0.0812146892655367,0.2392857142857143,0.3357142857142857,0.4384855233853006,91.3707612539192,0.0035310734463276,0.010593220338983,0.0028248587570621,0.0416666666666666,0.4722222222222222,0.010593220338983,0.0021186440677966,0.001412429378531,0.0007062146892655,0.0805755395683453,0.509180790960452,0.0178571428571428,0.0,0.0
applebaum_19,applebaum,American,en,historical analysis,P1,P1,True,7028,16.19679633867277,0.0252896298389375,0.1888951681265894,0.1401525854761232,0.0760101723650748,0.4429671098670399,0.1091672498250524,0.5337203100775194,94.11248008613876,0.0021192427239333,0.0139870019779598,0.0024018084204577,0.0795180722891566,0.3855421686746988,0.0115851935575021,0.0024018084204577,0.0011302627860977,0.0001412828482622,0.0218623481781376,0.3020627295846284,0.0097970608817354,0.0007064142413111,0.0004238485447866
applebaum_20,applebaum,American,en,historical analysis,P1,P1,True,1824,16.535714285714285,0.0107991360691144,0.1916846652267818,0.1344492440604751,0.0712742980561555,0.5710306406685237,0.0473537604456824,0.5183915662650602,105.56246103497108,0.0026997840172786,0.0172786177105831,0.0048596112311015,0.1,0.3272727272727272,0.0070194384449244,0.0048596112311015,0.0026997840172786,0.0016198704103671,0.0126336248785228,0.4443844492440605,0.0,0.0005399568034557,0.0
applebaum_21,applebaum,American,en,historical analysis,P1,P1,True,2358,24.65625,0.0114068441064638,0.2285593578369243,0.1195606252640473,0.0811153358681875,0.4575,0.0475,0.5485119565217391,133.3523185584292,0.002112378538234,0.0135192226446979,0.0029573299535276,0.0833333333333333,0.3333333333333333,0.0143641740599915,0.002112378538234,0.0008449514152936,0.0,0.0076142131979695,0.334178284748627,0.015,0.0004224757076468,0.0008449514152936
applebaum_22,applebaum,American,en,historical analysis,P1,P1,True,4328,15.955882352941176,0.0177419354838709,0.1834101382488479,0.1389400921658986,0.0774193548387096,0.5763125763125763,0.0488400488400488,0.5311350923482849,103.15989419380946,0.0027649769585253,0.0149769585253456,0.0048387096774193,0.0639097744360902,0.3308270676691729,0.0094470046082949,0.006221198156682,0.0023041474654377,0.0004608294930875,0.0141509433962264,0.2672811059907833,0.0024420024420024,0.0002304147465437,0.0032258064516129
applebaum_23,applebaum,American,en,historical analysis,P1,P1,True,2888,18.16875,0.0130718954248366,0.1909184726522187,0.1283109735122119,0.0763673890608875,0.5203703703703704,0.0722222222222222,0.540767659574468,115.0477879154608,0.000687994496044,0.0092879256965944,0.0048159614723082,0.0443037974683544,0.5,0.0075679394564843,0.0037839697282421,0.001375988992088,0.001031991744066,0.0109356014580801,0.1506707946336429,0.0037037037037037,0.0,0.001375988992088
applebaum_24,applebaum,American,en,historical analysis,P1,P1,True,3065,15.896907216494846,0.0201037613488975,0.1909857328145265,0.1303501945525292,0.0700389105058365,0.3609671848013817,0.160621761658031,0.5276706984003121,119.03568361418982,0.0019455252918287,0.0110246433203631,0.0087548638132295,0.1021505376344086,0.4032258064516129,0.0119974059662775,0.0068093385214007,0.0022697795071335,0.0025940337224383,0.0150110375275938,0.2655642023346303,0.0155440414507772,0.0003242542153047,0.0016212710765239
applebaum_25,applebaum,American,en,historical analysis,P1,P1,False,4409,17.55952380952381,0.0176271186440677,0.1801129943502825,0.1204519774011299,0.0827118644067796,0.5298602287166455,0.0635324015247776,0.5365160289555325,98.02582381790192,0.0022598870056497,0.0131073446327683,0.0058757062146892,0.097165991902834,0.4331983805668016,0.015367231638418,0.0054237288135593,0.0015819209039548,0.0011299435028248,0.0185356811862835,0.2684745762711864,0.0050825921219822,0.0013559322033898,0.0013559322033898
applebaum_26,applebaum,American,en,historical analysis,P1,P1,True,3838,17.76605504587156,0.0196230312419313,0.193131939065324,0.1378776142525174,0.0836560805577072,0.4684931506849315,0.0835616438356164,0.5500728257598555,92.98393913778528,0.0020655822359927,0.0129098889749548,0.0033565711334882,0.0841121495327102,0.3504672897196261,0.0170410534469403,0.0043893622514846,0.0005163955589981,0.0020655822359927,0.0201288244766505,0.3586367157242448,0.0041095890410958,0.000258197779499,0.0015491866769945
applebaum_27,applebaum,American,en,historical analysis,P1,P1,False,3427,11.714285714285714,0.0319396051103368,0.1742160278745644,0.1550522648083623,0.0749128919860627,0.4938941655359565,0.1139755766621438,0.5015761543762922,78.74951769292132,0.0005807200929152,0.0148083623693379,0.0008710801393728,0.0805860805860805,0.4139194139194139,0.0107433217189314,0.0011614401858304,0.0002903600464576,0.0005807200929152,0.034009873834339,0.4706736353077816,0.0122116689280868,0.0002903600464576,0.0
nicolay_01,nicolay,American,en,experiential testimony,P2,,False,1793,35.11538461538461,0.0399780941949616,0.2037239868565169,0.104052573932092,0.0920043811610076,0.2806324110671936,0.2015810276679842,0.5971575663026522,97.9709397435845,0.0016429353778751,0.0115005476451259,0.0027382256297918,0.0192307692307692,0.3846153846153846,0.0093099671412924,0.0049288061336254,0.0032858707557502,0.0010952902519167,0.0413070283600493,0.1117196056955093,0.0118577075098814,0.0005476451259583,0.0
nicolay_02,nicolay,American,en,experiential testimony,P2,P1,True,6702,19.13573407202216,0.0392298784018529,0.218297625940938,0.1284018529241459,0.0745512449334105,0.3856794141578519,0.1497152156224573,0.5841601028773509,86.31528132086167,0.003329473074696,0.0136074116965836,0.0026056745801968,0.0744985673352435,0.4040114613180516,0.0096988998262883,0.0031847133757961,0.0010133178922987,0.0008685581933989,0.0456382220109341,0.3909959467284308,0.0048820179007323,0.0007237984944991,0.0005790387955993
nicolay_03,nicolay,American,en,experiential testimony,P2,P1,False,7479,20.372340425531917,0.0257180156657963,0.2218015665796344,0.1127937336814621,0.0801566579634464,0.2807881773399014,0.2471264367816092,0.5939058721934369,99.13337903414109,0.0019582245430809,0.0074412532637075,0.0035248041775456,0.073972602739726,0.3397260273972602,0.008355091383812,0.0027415143603133,0.0010443864229765,0.0009138381201044,0.0277831371792398,0.3233681462140992,0.0065681444991789,0.0002610966057441,0.0005221932114882
nicolay_04,nicolay,American,en,experiential testimony,P2,P1,False,2606,18.328767123287676,0.0246636771300448,0.2197309417040358,0.1251868460388639,0.0829596412556053,0.4703196347031963,0.0890410958904109,0.5884281030444964,131.88898863008066,0.0018684603886397,0.0078475336322869,0.0018684603886397,0.072463768115942,0.2971014492753623,0.007100149476831,0.0018684603886397,0.0003736920777279,0.0014947683109118,0.0206043956043956,0.1838565022421524,0.0114155251141552,0.0,0.0
nicolay_05,nicolay,American,en,experiential testimony,P2,P1,False,5602,22.94,0.0245858761987794,0.2285963382737576,0.1105492589363557,0.088055797733217,0.3940066592674806,0.1376248612652608,0.596579693263444,111.84023807659176,0.0012205754141238,0.0127288578901482,0.0015693112467306,0.1244813278008298,0.3278008298755187,0.0102877070619006,0.002615518744551,0.0001743679163034,0.0006974716652136,0.0238344135479824,0.1659982563208369,0.0122086570477247,0.0005231037489102,0.0012205754141238
nicolay_06,nicolay,American,en,experiential testimony,P2,P1,False,15030,20.85170068027211,0.0160511549001696,0.2173430771238418,0.1134020618556701,0.0938274827091217,0.4080867027928303,0.1475614839516465,0.5944387614044788,95.2784975747339,0.0016964635260341,0.0095915437818086,0.0022837009004306,0.0895104895104895,0.4951048951048951,0.0086780634216364,0.0033276784549132,0.001239723345948,0.0005219887772412,0.0179632980098216,0.4951063552133629,0.0091704877032096,0.0003262429857758,0.001239723345948
nicolay_07,nicolay,American,en,experiential testimony,P2,P1,False,8565,19.544642857142858,0.0255824577432617,0.2297852900867976,0.1195751484696208,0.0917085427135678,0.3915745856353591,0.1533149171270718,0.5891010959241473,102.7295826357524,0.0015989036089538,0.0119917770671539,0.0020557332115121,0.0725623582766439,0.3514739229024943,0.0077661032434901,0.0023983554134307,0.0004568296025582,0.0014846962083142,0.0240194588020674,0.2487437185929648,0.0069060773480662,0.0001142074006395,0.0003426222019186
nicolay_08,nicolay,American,en,experiential testimony,P2,P1,False,13081,19.64568081991215,0.0285437472052466,0.206364584885974,0.1177522730660307,0.0879415710239976,0.4154051647373107,0.1455921638468388,0.5848727446148955,103.9406989684744,0.0021612758980473,0.0117007005514979,0.0046206588165151,0.0781954887218045,0.4330827067669173,0.0082724698166641,0.0055149798777761,0.0025339096735728,0.0016395886123118,0.0294044355843508,0.4018482635266061,0.0089047195013357,0.0005216872857355,0.0008197943061559
nicolay_09,nicolay,American,en,experiential testimony,P2,P1,False,3456,24.28082191780822,0.0262341325811001,0.2107193229901269,0.1071932299012694,0.0995768688293371,0.3585585585585585,0.1765765765765765,0.5855076923076923,99.29581739966277,0.002820874471086,0.0107193229901269,0.0050775740479548,0.0629370629370629,0.4125874125874126,0.0118476727785613,0.0025387870239774,0.0016925246826516,0.0008462623413258,0.0207684319833852,0.185049365303244,0.0072072072072072,0.0,0.0
nicolay_10,nicolay,American,en,experiential testimony,P2,P1,False,4377,21.08018867924528,0.0192436786753188,0.2219735958827478,0.1170284179906019,0.1060639964197807,0.3988439306358382,0.1416184971098266,0.615473982483256,104.6383136159802,0.0013425822331617,0.0129782949205638,0.0049228015215931,0.0761904761904762,0.4238095238095238,0.0076079659879167,0.0024614007607965,0.0011188185276348,0.0004475274110539,0.0210459183673469,0.2982770194674423,0.0043352601156069,0.0004475274110539,0.0004475274110539
nicolay_11,nicolay,American,en,experiential testimony,P2,P1,False,10104,17.843103448275862,0.0344960865784133,0.2078461687119528,0.1223306599671465,0.0764325055560923,0.3666294642857143,0.2081473214285714,0.573826941164176,92.5086053690684,0.0030920861919025,0.0101459078171804,0.0041549908203691,0.0780141843971631,0.3191489361702128,0.0068605662382838,0.0023190646439269,0.0009662769349695,0.0010629046284665,0.0367044738500315,0.3866074016813219,0.0094866071428571,9.662769349695624e-05,0.0001932553869939
nicolay_12,nicolay,American,en,experiential testimony,P2,P1,False,2601,20.69767441860465,0.0284644194756554,0.2142322097378277,0.1217228464419475,0.0898876404494382,0.3270588235294118,0.2188235294117647,0.5921501416430595,105.61729405438034,0.0033707865168539,0.0112359550561797,0.0063670411985018,0.0573770491803278,0.3442622950819672,0.0067415730337078,0.0011235955056179,0.0,0.0003745318352059,0.0293000542593597,0.3097378277153558,0.0094117647058823,0.0,0.0007490636704119
nicolay_13,nicolay,American,en,experiential testimony,P2,P2,True,19157,18.426029962546817,0.0222572285177092,0.2291274963158697,0.1218049697647238,0.0864881345596829,0.3980786550585409,0.1492044431101771,0.591023819696646,97.6767583983761,0.0025915951013771,0.0091468062401544,0.0034046445449463,0.0813397129186602,0.3760765550239234,0.0077239697139082,0.0059962396463234,0.0023883327404847,0.0014228365262462,0.0213635202995999,0.4029676304690279,0.0051035725007505,0.0007622338533462,0.0014228365262462
miller_01,miller,American,en,war reportage,P3,P3,True,3442,15.116883116883116,0.0415234822451317,0.2038946162657502,0.1377434135166094,0.0675830469644902,0.4470588235294118,0.0558823529411764,0.5722957650273224,95.54909437567696,0.0042955326460481,0.0100229095074455,0.0020045819014891,0.0837209302325581,0.4232558139534884,0.0094501718213058,0.0237686139747995,0.0083046964490263,0.0017182130584192,0.041025641025641,0.106529209621993,0.0029411764705882,0.0077319587628865,0.0060137457044673
miller_02,miller,American,en,war reportage,P3,P1,True,8736,19.572687224669604,0.0387125815890164,0.2015530047265361,0.1307674994373171,0.0826018455998199,0.4548780487804878,0.0402439024390243,0.5629097340814833,93.39614795029296,0.0020256583389601,0.0126040963313076,0.0041638532523069,0.1580135440180587,0.3137697516930022,0.0133918523520144,0.0060769750168804,0.0020256583389601,0.0009002925950934,0.0379821958456973,0.0518793607922575,0.0006097560975609,0.0019131217645734,0.0012379023182534
miller_03,miller,American,en,war reportage,P3,P1,True,8681,17.975460122699385,0.0387940841865756,0.1935153583617747,0.128782707622298,0.0829351535836177,0.4520547945205479,0.0610211706102117,0.5332743166707707,93.44895923382532,0.0013651877133105,0.008646188850967,0.0035267349260523,0.197452229299363,0.2441613588110403,0.0135381114903299,0.0027303754266211,0.0013651877133105,0.0002275312855517,0.0361342479176874,0.0712172923777019,0.0031133250311332,0.0004550625711035,0.0006825938566552
miller_04,miller,American,en,war reportage,P3,P1,True,10535,20.848837209302324,0.0220301171221416,0.2067298754415318,0.1317159323294292,0.0704591931585796,0.4454037582529203,0.0416455053326561,0.561879975995199,95.04441671522277,0.0025097601784718,0.0073433723740472,0.0039970254694181,0.0701754385964912,0.4697855750487329,0.0094813162297824,0.0041829336307863,0.0016731734523145,0.0013943112102621,0.0206460535414402,0.0590258412344302,0.0010157440325038,0.0011154489682097,0.0
miller_05,miller,American,en,war reportage,P3,P1,True,2911,18.57861635220126,0.0311442112389979,0.1922816519972918,0.1259309410968178,0.0859851049424509,0.4402173913043478,0.036231884057971,0.5438633902540608,86.05231866825208,0.0013540961408259,0.0060934326337169,0.0027081922816519,0.1644736842105263,0.3618421052631579,0.0192958700067704,0.0037237643872714,0.0030467163168584,0.0003385240352064,0.0300724637681159,0.0656736628300609,0.0,0.0003385240352064,0.0
miller_06,miller,American,en,war reportage,P3,P2,True,17734,18.88259958071279,0.0235372488064838,0.2123903630509603,0.1360608415676696,0.0710003330742755,0.4706971005552128,0.0521283158544108,0.5598584927671488,106.86085300611036,0.0042744532030642,0.0082713445098256,0.002220495170423,0.0683760683760683,0.5010683760683761,0.0068835350283113,0.0099367158876429,0.0038303541689796,0.0023315199289441,0.0182509505703422,0.1240146552681248,0.0018507094386181,0.0018874208948595,0.0018874208948595
miller_07,miller,American,en,war reportage,P3,P2,True,6780,19.116022099447516,0.0277456647398843,0.1829479768786127,0.1369942196531791,0.074421965317919,0.4475899005355777,0.0543228768171384,0.5481571132045345,97.06100718903356,0.0052023121387283,0.005635838150289,0.0021676300578034,0.0845070422535211,0.523943661971831,0.0092485549132947,0.0236994219653179,0.0059248554913294,0.0008670520231213,0.0219150370869858,0.1427745664739884,0.0022953328232593,0.0047687861271676,0.0121387283236994
miller_08,miller,American,en,war reportage,P3,P2,True,1909,16.82608695652174,0.014470284237726,0.1906976744186046,0.138501291989664,0.0816537467700258,0.430939226519337,0.0607734806629834,0.5575606604450826,116.62547099392567,0.0036175710594315,0.0093023255813953,0.0025839793281653,0.027027027027027,0.6666666666666666,0.0108527131782945,0.0056847545219638,0.0015503875968992,0.000516795865633,0.0113230035756853,0.1328165374677002,0.0027624309392265,0.0,0.0036175710594315
miller_09,miller,American,en,war reportage,P3,P2,True,3115,18.24137931034483,0.0233144297416509,0.1909262759924385,0.1285444234404537,0.0844360428481411,0.5072463768115942,0.0289855072463768,0.5682679389312977,103.1315168406444,0.0031505986137366,0.0050409577819785,0.0012602394454946,0.0344827586206896,0.5402298850574713,0.0047258979206049,0.0151228733459357,0.0044108380592312,0.0015752993068683,0.0216435576597903,0.0683679899180844,0.0018115942028985,0.0031505986137366,0.0059861373660995
miller_10,miller,American,en,war reportage,P3,P2,True,2568,16.878205128205128,0.0353209266995822,0.2020508925180402,0.1614128370679833,0.0592480060767185,0.4265734265734265,0.0506993006993006,0.5575365384615385,94.05763525934483,0.0007595898214963,0.0110140524116976,0.0007595898214963,0.0728476821192053,0.4701986754966887,0.0110140524116976,0.0129130269654386,0.0060767185719711,0.0003797949107481,0.0292642140468227,0.0915305734903152,0.0,0.0041777440182301,0.0022787694644891
miller_11,miller,American,en,war reportage,P3,P2,True,2791,17.284848484848485,0.0266479663394109,0.217391304347826,0.1392005610098176,0.0620617110799439,0.4454225352112676,0.0492957746478873,0.5413237347294939,102.34822196184928,0.0052594670406732,0.0080645161290322,0.0017531556802244,0.0705128205128205,0.4230769230769231,0.0101683029453015,0.0150771388499298,0.0042075736325385,0.002805049088359,0.0211847783444488,0.1062412342215989,0.0,0.0059607293127629,0.0021037868162692
miller_12,miller,American,en,war reportage,P3,P2,True,1215,14.855421686746988,0.040551500405515,0.1978913219789132,0.1370640713706407,0.0510948905109489,0.5393700787401575,0.0039370078740157,0.5173492286115007,111.39975383676982,0.0072992700729927,0.0113544201135442,0.0016220600162206,0.0375,0.35,0.008110300081103,0.0227088402270884,0.0089213300892133,0.0048661800486618,0.0439461883408071,0.0957015409570154,0.0039370078740157,0.0032441200324412,0.0056772100567721
miller_13,miller,American,en,war reportage,P3,P2,True,1167,18.6875,0.0167224080267558,0.2391304347826087,0.1337792642140468,0.0819397993311036,0.45662100456621,0.0273972602739726,0.5857236255572066,96.78330557141028,0.0041806020066889,0.0058528428093645,0.0016722408026755,0.0806451612903225,0.5161290322580645,0.0066889632107023,0.0351170568561872,0.0083612040133779,0.0033444816053511,0.0133570792520035,0.0610367892976588,0.0,0.0091973244147157,0.0142140468227424
miller_14,miller,American,en,war reportage,P3,P2,True,2237,14.863636363636363,0.0353866317169069,0.1904761904761904,0.145478374836173,0.0655307994757536,0.4752688172043011,0.0344086021505376,0.5569302059496567,105.67618318763148,0.0043687199650502,0.0104849279161205,0.0,0.0408163265306122,0.5510204081632653,0.0096111839231105,0.0174748798602009,0.0069899519440803,0.0030581039755351,0.0336134453781512,0.0642201834862384,0.0021505376344086,0.0021843599825251,0.0052424639580602
miller_15,miller,American,en,war reportage,P3,P2,True,2098,18.27586206896552,0.045754716981132,0.185377358490566,0.1504716981132075,0.0518867924528301,0.4872389791183295,0.0278422273781902,0.5448862199747155,94.58358859279431,0.0047169811320754,0.0146226415094339,0.0023584905660377,0.063063063063063,0.4414414414414414,0.0070754716981132,0.0165094339622641,0.0033018867924528,0.0037735849056603,0.0463439752832131,0.0839622641509434,0.0023201856148491,0.0033018867924528,0.0061320754716981
miller_16,miller,American,en,war reportage,P3,P2,True,1929,16.6864406779661,0.0192991366175723,0.2249873031995937,0.1320467242254951,0.063484002031488,0.4781420765027322,0.0163934426229508,0.5780780141843972,98.70808535346204,0.0045708481462671,0.0137125444388014,0.0025393600812595,0.0423728813559322,0.3898305084745763,0.0111731843575419,0.0121889283900457,0.0,0.0030472320975114,0.0166846071044133,0.0563737938039613,0.0,0.0045708481462671,0.0045708481462671
miller_17,miller,American,en,war reportage,P3,P2,True,1818,15.803418803418804,0.0519199567333693,0.1990265008112493,0.141157382368848,0.0638182801514332,0.5145888594164456,0.0344827586206896,0.546496583143508,102.82438044596246,0.0037858301784748,0.0194699837750135,0.0010816657652785,0.0545454545454545,0.3909090909090909,0.0118983234180638,0.0151433207138994,0.002163331530557,0.0005408328826392,0.0527912621359223,0.1087074094104921,0.0,0.0086533261222282,0.0037858301784748
miller_18,miller,American,en,war reportage,P3,P2,True,2433,15.878205128205128,0.0298748486071861,0.2071053693984658,0.1404925312878482,0.0718611223253936,0.463768115942029,0.0496894409937888,0.5653138990109318,84.62536711973226,0.003229713362939,0.0137262817924909,0.0012111425111021,0.1283783783783783,0.3445945945945945,0.0056519983851433,0.0431974162293096,0.0076705692369802,0.0044408558740411,0.0252409362092703,0.1203068227694792,0.0,0.0104965684295518,0.0205894226887363
miller_19,miller,American,en,war reportage,P3,P2,True,2212,16.954545454545453,0.0245755138516532,0.2028596961572832,0.1407506702412868,0.0723860589812332,0.4501108647450111,0.0576496674057649,0.5525321533923304,97.38168818747408,0.0022341376228775,0.0151921358355674,0.002680965147453,0.0697674418604651,0.5348837209302325,0.0071492403932082,0.0227882037533512,0.0075960679177837,0.0067024128686327,0.0161764705882352,0.0884718498659516,0.0022172949002217,0.0067024128686327,0.001787310098302
miller_20,miller,American,en,war reportage,P3,P2,True,1113,16.257142857142856,0.0351493848857645,0.1783831282952548,0.1616871704745167,0.0685413005272407,0.4147286821705426,0.0542635658914728,0.542578352180937,85.52519993215587,0.0035149384885764,0.0114235500878734,0.0,0.1142857142857142,0.4428571428571428,0.0105448154657293,0.0246045694200351,0.0035149384885764,0.0061511423550087,0.023023023023023,0.1221441124780315,0.0,0.0061511423550087,0.0087873462214411
miller_21,miller,American,en,war reportage,P3,P2,True,1091,19.964285714285715,0.0161001788908765,0.2155635062611806,0.1413237924865832,0.092128801431127,0.4181818181818181,0.0318181818181818,0.5634548494983278,89.77828817966294,0.0,0.0116279069767441,0.0017889087656529,0.0892857142857142,0.4285714285714285,0.0089445438282647,0.0330948121645796,0.0044722719141323,0.0053667262969588,0.0123222748815165,0.0563506261180679,0.0,0.0053667262969588,0.0178890876565295
miller_22,miller,American,en,war reportage,P3,P2,True,2324,16.957142857142856,0.0311710193765796,0.1937657961246841,0.1461668070766638,0.0699241786015164,0.4482758620689655,0.0628803245436105,0.5573820780648708,90.71817438049077,0.0058972198820556,0.0101095197978096,0.0033698399326032,0.072992700729927,0.5255474452554745,0.0075821398483572,0.0320134793597304,0.0096882898062342,0.0088458298230834,0.024310425432445,0.098989048020219,0.0020283975659229,0.0054759898904802,0.0080033698399326
miller_23,miller,American,en,war reportage,P3,P2,True,1234,16.012820512820515,0.0320256204963971,0.1977582065652522,0.1377101681345076,0.0648518815052041,0.5,0.0465116279069767,0.5365702592087312,95.58420475628267,0.0056044835868694,0.0128102481985588,0.0040032025620496,0.0129870129870129,0.5194805194805194,0.0120096076861489,0.0120096076861489,0.0064051240992794,0.0,0.0304878048780487,0.0808646917534027,0.003875968992248,0.0032025620496397,0.0024019215372297
miller_24,miller,American,en,war reportage,P3,P2,True,1754,15.805309734513274,0.0363941769316909,0.2010078387458006,0.14501679731243,0.0660694288913773,0.5303867403314917,0.0276243093922651,0.5719664268585132,92.1077551020408,0.0033594624860022,0.0123180291153415,0.0027995520716685,0.0714285714285714,0.4553571428571428,0.0089585666293393,0.0369540873460246,0.0078387458006718,0.0061590145576707,0.0347672362993518,0.0498320268756998,0.0,0.0195968645016797,0.0033594624860022
miller_25,miller,American,en,war reportage,P3,P2,True,1332,16.597560975609756,0.0308596620132255,0.1675238795003673,0.1542983100661278,0.0727406318883174,0.3885135135135135,0.0405405405405405,0.5338052884615384,95.54285740090236,0.0007347538574577,0.0051432770022042,0.0036737692872887,0.0617283950617283,0.5802469135802469,0.014695077149155,0.0396767083027185,0.017634092578986,0.0044085231447465,0.0190082644628099,0.1109478324761205,0.0033783783783783,0.0036737692872887,0.0139603232916972
miller_26,miller,American,en,war reportage,P3,P2,True,2126,18.440677966101696,0.0271139705882352,0.1842830882352941,0.1295955882352941,0.0657169117647058,0.3715596330275229,0.1215596330275229,0.5388315724052206,108.16749421198362,0.0045955882352941,0.0114889705882352,0.0018382352941176,0.0256410256410256,0.4444444444444444,0.0151654411764705,0.0206801470588235,0.0055147058823529,0.0013786764705882,0.0283748925193465,0.4655330882352941,0.0022935779816513,0.002297794117647,0.0114889705882352
miller_27,miller,American,en,war reportage,P3,P2,True,2867,16.5,0.0231528770854613,0.1848825331971399,0.13210759278175,0.0759278175008512,0.4352517985611511,0.0521582733812949,0.546260465116279,91.54286695171812,0.0047667688117126,0.006809669731018,0.0057882192713653,0.1744186046511628,0.3895348837209302,0.0129383724889342,0.0095335376234252,0.0061287027579162,0.0006809669731018,0.0157542339503741,0.1355124276472591,0.0,0.0,0.0027238678924072
miller_28,miller,American,en,war reportage,P3,P2,True,1524,18.305882352941172,0.0269922879177377,0.2127249357326478,0.1356041131105398,0.0732647814910025,0.3952702702702703,0.0641891891891891,0.5974313725490196,88.10931622749973,0.0025706940874035,0.0077120822622107,0.0051413881748071,0.0963855421686747,0.4457831325301205,0.0102827763496143,0.0199228791773778,0.0089974293059125,0.0012853470437017,0.0226277372262773,0.1195372750642673,0.0033783783783783,0.0038560411311053,0.005784061696658
miller_29,miller,American,en,war reportage,P3,P3,True,1974,16.35483870967742,0.0231755424063116,0.1987179487179487,0.1420118343195266,0.0759368836291913,0.3649289099526066,0.0805687203791469,0.551554054054054,94.87695588928824,0.0064102564102564,0.0113412228796844,0.0019723865877712,0.0583333333333333,0.4083333333333333,0.0152859960552268,0.0236686390532544,0.0083826429980276,0.0019723865877712,0.0086092715231788,0.2554240631163708,0.0071090047393364,0.004930966469428,0.0083826429980276
miller_30,miller,American,en,war reportage,P3,P3,True,1880,16.586206896551722,0.0291060291060291,0.2084199584199584,0.1408523908523908,0.0732848232848232,0.4850136239782016,0.0517711171662125,0.5210606060606061,85.53356457865742,0.0051975051975051,0.0088357588357588,0.001039501039501,0.0825688073394495,0.4128440366972477,0.0114345114345114,0.0291060291060291,0.0124740124740124,0.0041580041580041,0.0218463706835799,0.2624740124740125,0.0081743869209809,0.0067567567567567,0.0057172557172557
miller_31,miller,American,en,war reportage,P3,P3,True,1183,17.028169014084508,0.0140612076095947,0.2241521918941273,0.1373035566583953,0.075268817204301,0.4708520179372197,0.0179372197309417,0.5497970588235294,107.1479186585144,0.0016542597187758,0.009925558312655,0.0008271298593879,0.0714285714285714,0.4285714285714285,0.010752688172043,0.0438378825475599,0.0124069478908188,0.0033085194375516,0.0010060362173038,0.1778329197684036,0.0,0.0140612076095947,0.0140612076095947
miller_32,miller,American,en,war reportage,P3,P3,True,2074,17.591666666666665,0.0317385125532922,0.2335386072951208,0.1316911416390336,0.0791094268119374,0.4194373401534527,0.0613810741687979,0.5905636132315522,89.1248183451732,0.0018948365703458,0.0118427285646612,0.0,0.0932203389830508,0.3983050847457627,0.0090004737091425,0.0227380388441496,0.0061582188536238,0.0028422548555187,0.0262312633832976,0.1151113216485077,0.0025575447570332,0.004263382283278,0.009474182851729
miller_33,miller,American,en,war reportage,P3,P3,True,3507,20.230337078651687,0.0405442932518744,0.2188281033046376,0.1346848097750624,0.071646764787559,0.4354354354354354,0.0705705705705705,0.5486498506471955,92.80579179228005,0.003610108303249,0.0111080255484587,0.0033324076645376,0.0795454545454545,0.2840909090909091,0.0074979172452096,0.021938350458206,0.0094418217161899,0.0005554012774229,0.0303219756173804,0.1116356567620106,0.0,0.0058317134129408,0.0061094140516523
miller_34,miller,American,en,war reportage,P3,P3,True,3493,17.801980198019802,0.0239154616240266,0.1907675194660734,0.160734149054505,0.0631256952169076,0.4120541205412054,0.076260762607626,0.5470296963630297,82.5068466609764,0.003893214682981,0.0147385984427141,0.0033370411568409,0.0251256281407035,0.5577889447236181,0.010845383759733,0.0278086763070077,0.007230255839822,0.0063959955506117,0.0130034887408817,0.1231924360400444,0.001230012300123,0.0080645161290322,0.0061179087875417
miller_35,miller,American,en,war reportage,P3,P3,True,1886,17.214285714285715,0.0238589211618257,0.1965767634854771,0.1478215767634854,0.0653526970954356,0.4901960784313725,0.0539215686274509,0.5433342939481268,94.74357926616412,0.0031120331950207,0.0098547717842323,0.0015560165975103,0.0990990990990991,0.4144144144144144,0.0088174273858921,0.0285269709543568,0.0077800829875518,0.0067427385892116,0.0113432835820895,0.1312240663900414,0.0024509803921568,0.0036307053941908,0.0103734439834024
miller_36,miller,American,en,war reportage,P3,P3,True,3237,19.209302325581397,0.0075665859564164,0.199455205811138,0.1431598062953995,0.0720338983050847,0.4708520179372197,0.0298953662182361,0.545395382924148,90.55676093168664,0.0060532687651331,0.0075665859564164,0.0024213075060532,0.0292397660818713,0.5964912280701754,0.0118038740920096,0.0323849878934624,0.0093825665859564,0.0039346246973365,0.0041949015811552,0.062046004842615,0.0014947683109118,0.0051452784503631,0.0139225181598062
miller_37,miller,American,en,war reportage,P3,P2,True,3699,17.48847926267281,0.0292490118577075,0.1865612648221344,0.1325428194993412,0.069828722002635,0.4734042553191489,0.0545212765957446,0.541658841940532,92.54826964459554,0.0055335968379446,0.0108036890645586,0.0081686429512516,0.0184331797235023,0.5161290322580645,0.01133069828722,0.0376811594202898,0.0163372859025032,0.0031620553359683,0.025455597338733,0.089064558629776,0.0039893617021276,0.0079051383399209,0.0102766798418972
miller_38,miller,American,en,war reportage,P3,P2,True,2041,22.52173913043478,0.0222007722007722,0.2012548262548262,0.1138996138996139,0.0873552123552123,0.4558823529411764,0.0470588235294117,0.555240837696335,102.96614841231924,0.0014478764478764,0.0057915057915057,0.0048262548262548,0.1413043478260869,0.4130434782608695,0.0077220077220077,0.0135135135135135,0.0062741312741312,0.0004826254826254,0.01956745623069,0.0627413127413127,0.0029411764705882,0.0038610038610038,0.0028957528957528
miller_39,miller,American,en,war reportage,P3,P3,True,1933,16.905172413793103,0.0117287098419173,0.2004079551249362,0.1443141254462009,0.0719020907700153,0.4899497487437186,0.0125628140703517,0.5498255977496483,83.83192317249741,0.0050994390617032,0.0066292707802141,0.0,0.0782608695652174,0.5826086956521739,0.0081591024987251,0.0316165221825599,0.0050994390617032,0.0101988781234064,0.0077691453940066,0.081081081081081,0.0025125628140703,0.0056093829678735,0.0107088220295767
miller_40,miller,American,en,war reportage,P3,P3,True,2789,18.529411764705884,0.0137566137566137,0.2042328042328042,0.1396825396825396,0.0634920634920634,0.4808362369337979,0.0365853658536585,0.5188839876488751,97.93019147388831,0.0038800705467372,0.0158730158730158,0.0021164021164021,0.0198675496688741,0.4966887417218543,0.0081128747795414,0.0204585537918871,0.0049382716049382,0.0045855379188712,0.0016420361247947,0.1407407407407407,0.0017421602787456,0.0049382716049382,0.0059964726631393
miller_41,miller,American,en,war reportage,P3,P3,True,7033,15.728665207877462,0.0367278797996661,0.2025598219254313,0.1417640511964385,0.0646911519198664,0.4595336076817558,0.0528120713305898,0.5610913549969344,91.6412862771088,0.0058430717863105,0.0093210907067334,0.0029215358931552,0.0788288288288288,0.4324324324324324,0.0089037284362826,0.0349193099610461,0.0086254869226488,0.0045909849749582,0.0336082153415279,0.1058708959376738,0.0013717421124828,0.0129382303839732,0.0087646076794657
miller_42,miller,American,en,war reportage,P3,P3,True,1194,14.650602409638552,0.0567434210526315,0.1916118421052631,0.1480263157894736,0.078125,0.4831460674157303,0.0374531835205992,0.5572625538020086,121.62895269627856,0.0032894736842105,0.0131578947368421,0.0024671052631578,0.0123456790123456,0.419753086419753,0.0115131578947368,0.0304276315789473,0.0049342105263157,0.0082236842105263,0.0547826086956521,0.0542763157894736,0.0,0.0032894736842105,0.0139802631578947
miller_43,miller,American,en,war reportage,P3,P3,True,1467,17.97590361445783,0.0294906166219839,0.2506702412868632,0.1300268096514745,0.0690348525469169,0.4924812030075188,0.0037593984962406,0.5502238493723849,107.58493640840332,0.0033512064343163,0.0113941018766756,0.0013404825737265,0.048780487804878,0.5487804878048781,0.0120643431635388,0.0361930294906166,0.010053619302949,0.0053619302949061,0.0297901150981719,0.010053619302949,0.0,0.0147453083109919,0.0060321715817694
miller_44,miller,American,en,war reportage,P3,P3,True,1578,15.811881188118813,0.0319348778960551,0.2053850970569818,0.1308703819661866,0.0682529743268628,0.4504792332268371,0.0575079872204472,0.5663899253731344,99.02590759229687,0.0043832185347526,0.008140262993112,0.0043832185347526,0.0510204081632653,0.6224489795918368,0.0093926111458985,0.0425798371947401,0.0137758296806512,0.0031308703819661,0.0308339173090399,0.1064495929868503,0.0,0.0112711333750782,0.0144020037570444
brumme_01,brumme,German,de,wartime diary,P3,,True,2267,16.294964028776977,0.0450331125827814,0.2154525386313465,0.1068432671081677,0.0485651214128035,0.416243654822335,0.2436548223350254,0.6062309017805859,59.9609375,0.0,0.0070640176600441,0.0039735099337748,0.0510948905109489,0.437956204379562,0.0079470198675496,0.0097130242825607,0.0048565121412803,0.0008830022075055,0.044776119402985,0.023841059602649,0.0203045685279187,0.0008830022075055,0.0030905077262693
brumme_02,brumme,German,de,wartime diary,P3,P2,True,1018,11.848837209302326,0.0206084396467124,0.2217860647693817,0.1207065750736015,0.0588812561334641,0.2171428571428571,0.4857142857142857,0.6352814371257485,48.58,0.0019627085377821,0.0039254170755642,0.0078508341511285,0.0357142857142857,0.369047619047619,0.0107948969578017,0.0206084396467124,0.0127576054955839,0.000981354268891,0.0211907164480322,0.0274779195289499,0.08,0.000981354268891,0.0058881256133464
brumme_03,brumme,German,de,wartime diary,P3,P2,True,1272,13.709677419354838,0.0329411764705882,0.2203921568627451,0.1176470588235294,0.0549019607843137,0.198237885462555,0.4185022026431718,0.6463872679045093,50.62391362087733,0.0062745098039215,0.0039215686274509,0.0054901960784313,0.0659340659340659,0.4065934065934066,0.0109803921568627,0.0156862745098039,0.0094117647058823,0.0,0.0298245614035087,0.1058823529411764,0.0352422907488986,0.0023529411764705,0.0039215686274509
brumme_04,brumme,German,de,wartime diary,P3,P2,True,1422,12.21551724137931,0.0289343683839096,0.1983062808750882,0.110091743119266,0.0430486944248412,0.260377358490566,0.3698113207547169,0.5971002227171492,51.28076371855223,0.0070571630204657,0.0091743119266055,0.0021171489061397,0.054054054054054,0.4954954954954955,0.0155257586450247,0.0218772053634438,0.0112914608327452,0.0,0.0294964028776978,0.0190543401552575,0.0377358490566037,0.004940014114326,0.0056457304163726
brumme_05,brumme,German,de,wartime diary,P3,P2,True,1191,12.333333333333334,0.03125,0.2263513513513513,0.1038851351351351,0.049831081081081,0.2964824120603015,0.3668341708542713,0.6264751879699249,53.05204237077975,0.0067567567567567,0.0059121621621621,0.0050675675675675,0.1397849462365591,0.3548387096774194,0.0067567567567567,0.0219594594594594,0.0076013513513513,0.0050675675675675,0.0253393665158371,0.066722972972973,0.0452261306532663,0.0059121621621621,0.0033783783783783
brumme_06,brumme,German,de,wartime diary,P3,P2,True,1577,12.377952755905511,0.0254452926208651,0.1940203562340967,0.1208651399491094,0.0508905852417302,0.1438356164383561,0.5068493150684932,0.615925572519084,57.76344648545113,0.0063613231552162,0.0095419847328244,0.0012722646310432,0.040983606557377,0.4918032786885246,0.0114503816793893,0.0260814249363867,0.0069974554707379,0.0038167938931297,0.0188405797101449,0.1221374045801526,0.0376712328767123,0.0044529262086513,0.0108142493638676
brumme_07,brumme,German,de,wartime diary,P3,P3,True,1420,12.43859649122807,0.0437235543018335,0.2052186177715091,0.1170662905500705,0.041607898448519,0.2318840579710145,0.4384057971014493,0.6135171650055371,50.07112317638751,0.004231311706629,0.0112834978843441,0.0035260930888575,0.1181818181818181,0.3909090909090909,0.0119887165021156,0.0169252468265162,0.0084626234132581,0.0035260930888575,0.0443636363636363,0.0303244005641748,0.0507246376811594,0.0007052186177715,0.004231311706629
brumme_08,brumme,German,de,wartime diary,P3,P3,True,1055,12.547619047619047,0.0417457305502846,0.2210626185958254,0.1062618595825427,0.040796963946869,0.3076923076923077,0.3351648351648351,0.6326630036630037,50.31020352098166,0.0123339658444022,0.0047438330170777,0.0037950664136622,0.1341463414634146,0.4634146341463415,0.00853889943074,0.0189753320683111,0.0066413662239089,0.0009487666034155,0.0424374319912948,0.1280834914611005,0.0494505494505494,0.0037950664136622,0.0075901328273244
brumme_09,brumme,German,de,wartime diary,P3,P3,True,1335,11.614035087719298,0.0407854984894259,0.2099697885196374,0.127643504531722,0.0483383685800604,0.2771084337349397,0.3855421686746988,0.6081039603960396,48.76338285577805,0.0135951661631419,0.0090634441087613,0.0,0.0934579439252336,0.4579439252336448,0.0098187311178247,0.0173716012084592,0.0060422960725075,0.0060422960725075,0.0306627101879327,0.2364048338368579,0.0522088353413654,0.0022658610271903,0.0030211480362537
brumme_10,brumme,German,de,wartime diary,P3,P3,True,1013,12.180722891566266,0.0336300692383778,0.1998021760633036,0.1216617210682492,0.0425321463897131,0.2079207920792079,0.3366336633663366,0.597719512195122,51.889813569349165,0.0138476755687438,0.0059347181008902,0.0069238377843719,0.1097560975609756,0.4024390243902439,0.0118694362017804,0.0168150346191889,0.0029673590504451,0.0049455984174085,0.034037558685446,0.1572700296735905,0.0643564356435643,0.0029673590504451,0.0059347181008902
brumme_11,brumme,German,de,wartime diary,P3,P3,True,1007,13.4,0.0407960199004975,0.1990049751243781,0.1094527363184079,0.0477611940298507,0.3033707865168539,0.348314606741573,0.6160448979591837,55.12610403007399,0.0079601990049751,0.0079601990049751,0.0039800995024875,0.0694444444444444,0.5138888888888888,0.0099502487562189,0.0288557213930348,0.0109452736318407,0.0059701492537313,0.0432098765432098,0.1940298507462686,0.095505617977528,0.0059701492537313,0.0059701492537313
brumme_12,brumme,German,de,wartime diary,P3,P3,True,1367,13.787878787878787,0.0249084249084249,0.2051282051282051,0.1223443223443223,0.0564102564102564,0.3048327137546468,0.2788104089219331,0.5990868014268728,57.10625974604589,0.0087912087912087,0.0036630036630036,0.0014652014652014,0.0721649484536082,0.5257731958762887,0.0109890109890109,0.0212454212454212,0.0065934065934065,0.0058608058608058,0.0236686390532544,0.1333333333333333,0.0594795539033457,0.0043956043956043,0.0043956043956043
brumme_13,brumme,German,de,wartime diary,P3,P3,True,1410,14.484536082474229,0.0341637010676156,0.1893238434163701,0.1181494661921708,0.0434163701067615,0.2544802867383512,0.3261648745519713,0.5910134831460674,50.57737929561748,0.0128113879003558,0.0056939501779359,0.0042704626334519,0.0851063829787234,0.3404255319148936,0.0085409252669039,0.0206405693950177,0.0078291814946619,0.0028469750889679,0.0335051546391752,0.1715302491103203,0.060931899641577,0.0035587188612099,0.0064056939501779
brumme_14,brumme,German,de,wartime diary,P3,P3,True,1108,13.825,0.0280289330922242,0.2070524412296564,0.1130198915009041,0.0470162748643761,0.198019801980198,0.4504950495049505,0.578581512605042,64.10234986247072,0.0009041591320072,0.0144665461121157,0.0009041591320072,0.1666666666666666,0.4358974358974359,0.0153707052441229,0.0189873417721519,0.0099457504520795,0.0027124773960217,0.0351851851851851,0.511754068716094,0.0396039603960396,0.0036166365280289,0.0027124773960217
brumme_15,brumme,German,de,wartime diary,P3,P3,True,1202,12.76595744680851,0.0308333333333333,0.2141666666666666,0.11,0.055,0.2676056338028169,0.3896713615023474,0.6057533039647577,50.76127549554726,0.0091666666666666,0.0033333333333333,0.0033333333333333,0.1111111111111111,0.3444444444444444,0.0116666666666666,0.025,0.0116666666666666,0.0041666666666666,0.0292598967297762,0.0316666666666666,0.0845070422535211,0.0008333333333333,0.0083333333333333
brumme_16,brumme,German,de,wartime diary,P3,P3,True,1367,15.1,0.0419426048565121,0.1876379690949227,0.1140544518027961,0.0551876379690949,0.151639344262295,0.4385245901639344,0.6119498806682577,51.634370477447305,0.0066225165562913,0.0051508462104488,0.002943340691685,0.0674157303370786,0.5168539325842697,0.0110375275938189,0.0051508462104488,0.002943340691685,0.0007358351729212,0.0413669064748201,0.1817512877115525,0.0286885245901639,0.0014716703458425,0.0
brumme_17,brumme,German,de,wartime diary,P3,P3,True,1509,12.336065573770492,0.0438538205980066,0.2033222591362126,0.1149501661129568,0.0471760797342192,0.1947565543071161,0.4831460674157303,0.622210101010101,43.67826564269609,0.0099667774086378,0.0059800664451827,0.0026578073089701,0.1008403361344537,0.3949579831932773,0.0106312292358804,0.0192691029900332,0.0099667774086378,0.0033222591362126,0.0488815244407622,0.1980066445182724,0.0599250936329588,0.0039867109634551,0.0019933554817275
brumme_18,brumme,German,de,wartime diary,P3,P3,True,1423,14.968421052631578,0.0260196905766526,0.2074542897327707,0.1054852320675105,0.0541490857946554,0.208,0.38,0.6119597315436242,57.13110728496343,0.0042194092827004,0.0077355836849507,0.0035161744022503,0.086021505376344,0.4193548387096774,0.0112517580872011,0.0161744022503516,0.0063291139240506,0.0028129395218002,0.0239197530864197,0.0886075949367088,0.068,0.0042194092827004,0.0028129395218002
brumme_19,brumme,German,de,wartime diary,P3,P3,True,1845,12.805555555555555,0.0347071583514099,0.2147505422993492,0.1176789587852494,0.0547722342733188,0.1911764705882352,0.5176470588235295,0.6078893100833965,49.74094769212895,0.0059652928416485,0.0070498915401301,0.0010845986984815,0.0915492957746478,0.4154929577464789,0.0075921908893709,0.0227765726681128,0.0059652928416485,0.004880694143167,0.0406228842247799,0.1990238611713666,0.0588235294117647,0.0065075921908893,0.0054229934924078
orth_01,orth,German,de,travel reportage,P3,P3,True,5528,13.030732860520096,0.0299346879535558,0.2351233671988389,0.1072206095791001,0.0567851959361393,0.2261185006045949,0.524788391777509,0.6361134838316046,49.85638046032435,0.0039912917271407,0.0101596516690856,0.0019956458635703,0.0924574209245742,0.2652068126520681,0.0061683599419448,0.0177793904208998,0.0088896952104499,0.0019956458635703,0.0243851604835348,0.1295355587808417,0.0459492140266021,0.0036284470246734,0.003265602322206
orth_02,orth,German,de,travel reportage,P3,P3,True,3172,13.534188034188034,0.0372592358699084,0.2049257972844963,0.1079886327754973,0.0473634354278497,0.1798418972332015,0.5513833992094862,0.6294673913043478,49.42877916584044,0.0022102936532996,0.0097884433217556,0.0037890748342279,0.1558441558441558,0.2251082251082251,0.0088411746131986,0.0104199557941269,0.0050520997789706,0.0015787811809283,0.0344095157179269,0.2567098200189454,0.0395256916996047,0.0015787811809283,0.0022102936532996
orth_03,orth,German,de,travel reportage,P3,P3,True,6461,12.87624750499002,0.039683769958146,0.2015191443187102,0.1148659122616648,0.0503797860796775,0.2831775700934579,0.4504672897196262,0.6230736154110768,50.73472105124586,0.0032553092543791,0.0106960161215315,0.0021702061695861,0.1036717062634989,0.3239740820734341,0.0077507363199503,0.0117811192063246,0.0041853976127732,0.001085103084793,0.0372911169744942,0.11874128042164,0.0542056074766355,0.0026352503487831,0.0038753681599751
orth_04,orth,German,de,travel reportage,P3,P3,True,4522,13.060693641618498,0.0334144722283691,0.2155344102677583,0.1183890241203806,0.0440362912148705,0.2908622908622909,0.4658944658944658,0.6294069000507356,50.23607324048125,0.003983182119938,0.0123921221509183,0.0035406063288338,0.0808383233532934,0.2754491017964072,0.0066386368665633,0.0165965921664085,0.0068599247621155,0.0030980305377295,0.028660612939841,0.2201814560743527,0.0669240669240669,0.003983182119938,0.0026554547466253
orth_05,orth,German,de,travel reportage,P3,P3,True,4010,13.732876712328768,0.0206982543640897,0.2294264339152119,0.1144638403990025,0.0625935162094763,0.2377300613496932,0.5061349693251533,0.6420779522978476,46.46718970857297,0.0037406483790523,0.013216957605985,0.0014962593516209,0.1149825783972125,0.3031358885017421,0.0069825436408977,0.0147132169576059,0.0054862842892768,0.0027431421446384,0.0188457008244994,0.1531172069825436,0.0521472392638036,0.0022443890274314,0.0042394014962593
orth_06,orth,German,de,travel reportage,P3,P3,True,7308,13.176895306859208,0.0275342465753424,0.2142465753424657,0.1123287671232876,0.046986301369863,0.2281763180639585,0.5315471045808124,0.62652,49.57951855906648,0.0042465753424657,0.0126027397260273,0.0028767123287671,0.0733082706766917,0.3082706766917293,0.0073972602739726,0.0130136986301369,0.0032876712328767,0.0030136986301369,0.0235580828594638,0.1568493150684932,0.0458081244598098,0.0026027397260273,0.0041095890410958
orth_07,orth,German,de,travel reportage,P3,P3,True,5546,11.735169491525424,0.04567611482217,0.2025636396461455,0.1252933742552807,0.0429680447734248,0.2923857868020305,0.4416243654822335,0.6125607324516785,49.73492221250738,0.0027080700487452,0.0101101281819823,0.0023469940422458,0.1026785714285714,0.3013392857142857,0.0097490521754829,0.0117349702112294,0.0037912980682433,0.0019859180357465,0.0475355969331873,0.1758440151651923,0.0406091370558375,0.0021664560389962,0.0037912980682433
orth_08,orth,German,de,travel reportage,P3,P3,True,8323,12.270310192023633,0.0428554231371132,0.2070542915613338,0.1197785000601902,0.046346454797159,0.2077464788732394,0.5387323943661971,0.620402088772846,46.9967521505903,0.0054171180931744,0.0105934753822077,0.0019260864331286,0.1071975497702909,0.3981623277182236,0.0079451065366558,0.0182978211147225,0.0058986397014566,0.0031298904538341,0.0385866351271437,0.1857469603948477,0.0450704225352112,0.0040929336703984,0.0051763572890333
orth_09,orth,German,de,travel reportage,P3,P3,True,1465,14.948979591836734,0.0197952218430034,0.2075085324232082,0.1085324232081911,0.0532423208191126,0.2773109243697479,0.4285714285714285,0.6207362869198312,52.59314483794845,0.004778156996587,0.0109215017064846,0.0013651877133105,0.0816326530612244,0.2346938775510204,0.0081911262798634,0.0088737201365187,0.004778156996587,0.0013651877133105,0.0163487738419618,0.2484641638225255,0.0504201680672268,0.0013651877133105,0.0013651877133105
orth_10,orth,German,de,travel reportage,P3,P3,True,2010,12.796178343949045,0.0223992035838725,0.2279741164758586,0.1154803384768541,0.0467894474863116,0.3161094224924012,0.4559270516717325,0.6306092265943012,53.80800975356877,0.0039820806371329,0.0109507217521154,0.0019910403185664,0.0980392156862745,0.2287581699346405,0.002488800398208,0.017919362867098,0.0079641612742658,0.0054753608760577,0.0148578811369509,0.2294673967147834,0.0486322188449848,0.0019910403185664,0.002488800398208
orth_11,orth,German,de,travel reportage,P3,P3,True,3006,13.370535714285714,0.0313856427378964,0.2156928213689482,0.1218697829716193,0.0387312186978297,0.1632653061224489,0.5612244897959183,0.6438864379084968,45.29748437760692,0.0023372287145242,0.0093489148580968,0.0003338898163606,0.1116279069767441,0.3023255813953488,0.0043405676126878,0.0093489148580968,0.0043405676126878,0.001669449081803,0.0242798353909465,0.1886477462437396,0.0530612244897959,0.0013355592654424,0.0020033388981636
orth_12,orth,German,de,travel reportage,P3,P3,True,3336,13.552845528455284,0.035992801439712,0.2186562687462507,0.1199760047990401,0.0440911817636472,0.1872727272727272,0.5890909090909091,0.6228302023121387,52.97898332931864,0.0050989802039592,0.010497900419916,0.0026994601079784,0.0843881856540084,0.2531645569620253,0.0062987402519496,0.011997600479904,0.0032993401319736,0.0020995800839832,0.0323478260869565,0.1376724655068986,0.0454545454545454,0.0035992801439712,0.002999400119976
orth_13,orth,German,de,travel reportage,P3,P3,True,2458,14.19767441860465,0.0327600327600327,0.2117117117117117,0.1117936117936117,0.0577395577395577,0.1773399014778325,0.5221674876847291,0.5997665245202559,50.490858725761775,0.0061425061425061,0.0077805077805077,0.0012285012285012,0.0952380952380952,0.2738095238095238,0.0081900081900081,0.0208845208845208,0.0073710073710073,0.0053235053235053,0.0281096275474349,0.4172809172809173,0.041871921182266,0.0016380016380016,0.0065520065520065
orth_14,orth,German,de,travel reportage,P3,P3,True,2472,12.676923076923076,0.0347896440129449,0.2135922330097087,0.1181229773462783,0.0457119741100323,0.2240566037735849,0.5448113207547169,0.6242642487046632,50.84710428283464,0.0052588996763754,0.0133495145631067,0.0020226537216828,0.09375,0.2447916666666666,0.0048543689320388,0.0210355987055016,0.0060679611650485,0.0036407766990291,0.0256278831368528,0.2107605177993528,0.0566037735849056,0.0044498381877022,0.0068770226537216
orth_15,orth,German,de,travel reportage,P3,P3,True,3631,13.798479087452472,0.0446403968035271,0.2006062276109121,0.119316616147699,0.0473959768531275,0.1693290734824281,0.5814696485623003,0.6122417939551511,49.978979925829165,0.0022044640396803,0.0135023422430421,0.0008266740148801,0.0859375,0.29296875,0.0088178561587214,0.019289060347203,0.0068889501240011,0.0033066960595205,0.0382669196710942,0.1286855883163405,0.0511182108626198,0.0033066960595205,0.0057867181041609
