unit_id,n_words,n_sentences,mean_sent_len,first_person_density,first_person_authorial,quoted_share,noun_ratio,verb_ratio,adj_ratio,past_tense_ratio,present_tense_ratio,perfect_share,mattr,yules_k,diary_marker_density,travel_marker_density,historical_marker_density,subjectivity,war_total_density,war_conflict_density,war_suffering_density,war_weapons_density,war_military_density
applebaum_01,4359,150,29.06,0.009405827024546915,0.009697256385998108,0.03005276439550353,0.18719889883000687,0.11768754301445286,0.08350539114475797,0.42915531335149865,0.04904632152588556,0.013623978201634877,0.5499241706161138,120.90417737364217,0.0027529249827942187,0.01032346868547832,0.009176416609314062,0.010552879100711171,0.008029364533149804,0.005964670796054141,0.0013764624913971094,0.0,0.0006882312456985547
applebaum_02,2148,108,19.88888888888889,0.020484171322160148,0.019594594594594596,0.3109869646182495,0.21089385474860337,0.12476722532588454,0.08193668528864059,0.4842105263157895,0.04473684210526316,0.002631578947368421,0.5902933499067744,90.44338185785423,0.0013966480446927375,0.0111731843575419,0.004655493482309125,0.0111731843575419,0.00558659217877095,0.002793296089385475,0.000931098696461825,0.0004655493482309125,0.0013966480446927375
applebaum_03,2556,114,22.42105263157895,0.008998435054773083,0.01189127972819932,0.30907668231611896,0.17996870109546165,0.12323943661971831,0.08450704225352113,0.4672686230248307,0.05191873589164785,0.004514672686230248,0.5499121854958066,135.03271440204767,0.003912363067292645,0.008998435054773083,0.007042253521126761,0.011737089201877934,0.010954616588419406,0.003129890453834116,0.003912363067292645,0.000782472613458529,0.003129890453834116
applebaum_04,7065,422,16.74170616113744,0.02264685067232838,0.021674140508221227,0.4318471337579618,0.1830148619957537,0.13998584571832978,0.0740268931351734,0.4921540656205421,0.0905848787446505,0.006419400855920114,0.5360306501547988,100.26042750219652,0.0021231422505307855,0.013021939136588818,0.006086341118188252,0.013305024769992922,0.006935598018400566,0.003113941967445152,0.0009907997169143665,0.0005661712668082095,0.002264685067232838
applebaum_05,3982,168,23.702380952380953,0.0045203415369161224,0.0033831406822667043,0.1092415871421396,0.18884982420894023,0.11551983927674535,0.09191361125062783,0.5070202808112324,0.0390015600624025,0.0031201248049922,0.5392328847279111,144.7732561970565,0.0020090406830738324,0.008287292817679558,0.009794073329984932,0.01054746358613762,0.00803616273229533,0.0032646911099949772,0.0012556504269211452,0.0,0.0035158211953792064
applebaum_06,4542,261,17.402298850574713,0.02267723469837076,0.021538461538461538,0.4275649493615148,0.1851607221488331,0.142668428005284,0.0777190664905328,0.38393839383938394,0.15401540154015403,0.0044004400440044,0.5234523570712136,94.28321989449351,0.0030823425803610744,0.011668868339938352,0.005724350506384853,0.012989872302950243,0.005284015852047556,0.0028621752531924264,0.001100836635843241,0.00022016732716864817,0.001100836635843241
applebaum_07,3391,171,19.830409356725145,0.025951046888823357,0.020606060606060607,0.27012680625184315,0.20996756119138896,0.1279858448835152,0.07225007372456503,0.4928,0.0816,0.0,0.5281690042075736,103.12042682288794,0.0020642878207018578,0.011795930404010616,0.005013270421704512,0.011795930404010616,0.003538779121203185,0.0020642878207018578,0.0008846947803007962,0.0005897965202005308,0.0
applebaum_08,3136,154,20.363636363636363,0.010522959183673469,0.0061693774537296695,0.4314413265306123,0.18271683673469388,0.1412627551020408,0.05739795918367347,0.5548172757475083,0.05149501661129568,0.0,0.5216369969040248,131.3955376017542,0.003826530612244898,0.012755102040816327,0.007334183673469388,0.013392857142857142,0.01211734693877551,0.006058673469387755,0.00031887755102040814,0.0012755102040816326,0.004464285714285714
applebaum_09,1703,108,15.768518518518519,0.02759835584263065,0.018,0.4128009395184967,0.17439812096300647,0.1479741632413388,0.06928948913681739,0.45989304812834225,0.09358288770053476,0.00267379679144385,0.4892714893617021,92.08943016319591,0.004110393423370522,0.01996476805637111,0.004697592483852026,0.015854374633000587,0.008220786846741044,0.002348796241926013,0.002935995302407516,0.0,0.002935995302407516
applebaum_10,1170,73,16.027397260273972,0.018803418803418803,0.002152852529601722,0.20598290598290603,0.152991452991453,0.13247863247863248,0.06666666666666667,0.5366795366795367,0.03861003861003861,0.0,0.43480243161094223,125.76859206558254,0.0008547008547008547,0.011111111111111112,0.003418803418803419,0.018803418803418803,0.011111111111111112,0.005128205128205128,0.002564102564102564,0.0008547008547008547,0.002564102564102564
applebaum_11,1999,112,17.848214285714285,0.03701850925462731,0.03197674418604651,0.4837418709354677,0.15907953976988495,0.14957478739369684,0.05552776388194097,0.513126491646778,0.08353221957040573,0.011933174224343675,0.48517302452316075,102.98548314603256,0.0015007503751875938,0.016008004002001,0.00400200100050025,0.008504252126063032,0.0065032516258129065,0.0025012506253126563,0.0015007503751875938,0.0,0.0025012506253126563
applebaum_12,6919,328,21.09451219512195,0.01589825119236884,0.010088001717106675,0.32663679722503247,0.18066194536782773,0.13282266223442693,0.07602254661078191,0.44043887147335425,0.13479623824451412,0.018025078369905956,0.5406070917474957,89.78503435470894,0.0028905911258852437,0.011995953172423761,0.00664835958953606,0.01459748518572048,0.0037577684636508164,0.000867177337765573,0.0020234137881196706,0.00014452955629426219,0.0007226477814713109
applebaum_13,3671,256,14.33984375,0.034323072732225554,0.029887920298879204,0.34377553800054483,0.17107055298283846,0.14383001906837373,0.07354944156905475,0.437984496124031,0.1640826873385013,0.012919896640826873,0.4983898522800257,88.731461388661,0.003268864069735767,0.012258240261509125,0.0029964587305911197,0.01607191500953419,0.005448106782892944,0.002724053391446472,0.0016344320348678834,0.00027240533914464724,0.0008172160174339417
applebaum_14,6889,247,27.89068825910931,0.0049354042676731024,0.0034020837763129915,0.31731746262157057,0.170271447234722,0.10770794019451299,0.09696617796487153,0.4244604316546763,0.11780575539568346,0.012589928057553957,0.5261172359015092,123.0851929211813,0.002177384235738133,0.0029031789809841778,0.010161126433444622,0.012338510669182755,0.005080563216722311,0.002177384235738133,0.0015967484395412977,0.0,0.00130643054144288
applebaum_15,4172,227,18.378854625550662,0.02181208053691275,0.018083878414774913,0.3770373921380633,0.1840843720038351,0.12559923298178333,0.08101629913710451,0.4339622641509434,0.10440251572327044,0.013836477987421384,0.5096301218161683,108.88195555575543,0.0031160115052732505,0.010306807286673058,0.004793863854266539,0.010067114093959731,0.0019175455417066154,0.0009587727708533077,0.00047938638542665386,0.00023969319271332693,0.00023969319271332693
applebaum_16,3982,200,19.91,0.027122049221496736,0.022073578595317726,0.24912104470115515,0.1901054746358614,0.1341034655951783,0.07207433450527373,0.4624664879356568,0.09919571045576407,0.005361930294906166,0.5317117852975496,102.13905688673135,0.0020090406830738324,0.008538422903063787,0.0027624309392265192,0.01054746358613762,0.01029633350075339,0.004771471622300351,0.0015067805123053742,0.00025113008538422905,0.0037669512807634357
applebaum_17,1802,113,15.946902654867257,0.031631520532741396,0.034817813765182185,0.31465038845726967,0.17480577136514983,0.13485016648168702,0.06104328523862375,0.5821325648414986,0.06340057636887608,0.005763688760806916,0.5104694835680751,99.91991079665165,0.003329633740288568,0.01220865704772475,0.00776914539400666,0.013318534961154272,0.004994450610432853,0.00388457269700333,0.0005549389567147614,0.0,0.0005549389567147614
applebaum_18,1416,73,19.397260273972602,0.0614406779661017,0.08057553956834532,0.509180790960452,0.13347457627118645,0.1271186440677966,0.08121468926553672,0.2392857142857143,0.3357142857142857,0.017857142857142856,0.43848552338530067,91.3707612539192,0.0035310734463276836,0.01059322033898305,0.002824858757062147,0.01059322033898305,0.00211864406779661,0.0014124293785310734,0.0007062146892655367,0.0,0.0
applebaum_19,7078,437,16.19679633867277,0.025289629838937552,0.02186234817813765,0.30206272958462843,0.18889516812658944,0.1401525854761232,0.07601017236507487,0.4429671098670399,0.10916724982505248,0.00979706088173548,0.5337203100775194,94.11248008613876,0.0021192427239333147,0.013987001977959875,0.0024018084204577564,0.01158519355750212,0.0024018084204577564,0.0011302627860977678,0.00014128284826222097,0.0007064142413111048,0.0004238485447866629
applebaum_20,1852,112,16.535714285714285,0.01079913606911447,0.012633624878522837,0.4443844492440605,0.19168466522678185,0.13444924406047515,0.07127429805615551,0.5710306406685237,0.04735376044568245,0.0,0.5183915662650602,105.56246103497108,0.0026997840172786176,0.017278617710583154,0.004859611231101512,0.007019438444924406,0.004859611231101512,0.0026997840172786176,0.0016198704103671706,0.0005399568034557236,0.0
applebaum_21,2367,96,24.65625,0.011406844106463879,0.007614213197969543,0.334178284748627,0.22855935783692438,0.11956062526404732,0.08111533586818757,0.4575,0.0475,0.015,0.5485119565217391,133.3523185584292,0.0021123785382340513,0.01351922264469793,0.002957329953527672,0.01436417405999155,0.0021123785382340513,0.0008449514152936206,0.0,0.0004224757076468103,0.0008449514152936206
applebaum_22,4340,272,15.955882352941176,0.017741935483870968,0.014150943396226415,0.26728110599078336,0.18341013824884791,0.13894009216589862,0.07741935483870968,0.5763125763125763,0.04884004884004884,0.002442002442002442,0.5311350923482849,103.15989419380946,0.0027649769585253456,0.014976958525345621,0.004838709677419355,0.00944700460829493,0.006221198156682027,0.002304147465437788,0.0004608294930875576,0.0002304147465437788,0.0032258064516129032
applebaum_23,2907,160,18.16875,0.013071895424836602,0.010935601458080195,0.15067079463364297,0.19091847265221878,0.1283109735122119,0.07636738906088751,0.5203703703703704,0.07222222222222222,0.003703703703703704,0.540767659574468,115.04778791546079,0.0006879944960440316,0.009287925696594427,0.004815961472308222,0.007567939456484348,0.003783969728242174,0.0013759889920880633,0.0010319917440660474,0.0,0.0013759889920880633
applebaum_24,3084,194,15.896907216494846,0.020103761348897537,0.015011037527593819,0.2655642023346303,0.19098573281452658,0.1303501945525292,0.07003891050583658,0.3609671848013817,0.16062176165803108,0.015544041450777202,0.5276706984003121,119.03568361418982,0.0019455252918287938,0.011024643320363165,0.008754863813229572,0.011997405966277562,0.006809338521400778,0.002269779507133593,0.0025940337224383916,0.00032425421530479895,0.001621271076523995
applebaum_25,4425,252,17.55952380952381,0.017627118644067796,0.018535681186283594,0.2684745762711864,0.1801129943502825,0.12045197740112995,0.08271186440677966,0.5298602287166455,0.06353240152477764,0.005082592121982211,0.5365160289555325,98.02582381790191,0.0022598870056497176,0.013107344632768362,0.005875706214689265,0.015367231638418079,0.005423728813559322,0.0015819209039548022,0.0011299435028248588,0.0013559322033898306,0.0013559322033898306
applebaum_26,3873,218,17.76605504587156,0.019623031241931318,0.020128824476650563,0.3586367157242448,0.19313193906532403,0.13787761425251743,0.08365608055770721,0.4684931506849315,0.08356164383561644,0.00410958904109589,0.5500728257598555,92.98393913778528,0.0020655822359927703,0.012909888974954816,0.003356571133488252,0.017041053446940357,0.004389362251484637,0.0005163955589981926,0.0020655822359927703,0.0002581977794990963,0.001549186676994578
applebaum_27,3444,294,11.714285714285714,0.03193960511033682,0.034009873834339004,0.4706736353077816,0.17421602787456447,0.15505226480836237,0.07491289198606271,0.49389416553595655,0.11397557666214382,0.012211668928086838,0.5015761543762922,78.74951769292132,0.0005807200929152149,0.014808362369337979,0.0008710801393728223,0.010743321718931475,0.0011614401858304297,0.00029036004645760743,0.0005807200929152149,0.00029036004645760743,0.0
nicolay_01,1826,52,35.11538461538461,0.039978094194961664,0.04130702836004932,0.11171960569550932,0.20372398685651696,0.10405257393209201,0.09200438116100766,0.28063241106719367,0.2015810276679842,0.011857707509881422,0.5971575663026522,97.9709397435845,0.0016429353778751369,0.011500547645125958,0.002738225629791895,0.009309967141292442,0.004928806133625411,0.0032858707557502738,0.001095290251916758,0.000547645125958379,0.0
nicolay_02,6908,361,19.13573407202216,0.03922987840185292,0.045638222010934155,0.39099594672843085,0.21829762594093804,0.1284018529241459,0.07455124493341053,0.3856794141578519,0.1497152156224573,0.004882017900732303,0.5841601028773509,86.31528132086167,0.0033294730746960045,0.01360741169658367,0.0026056745801968733,0.009698899826288361,0.0031847133757961785,0.001013317892298784,0.0008685581933989577,0.0007237984944991314,0.0005790387955993051
nicolay_03,7660,376,20.372340425531913,0.025718015665796345,0.027783137179239824,0.32336814621409926,0.22180156657963446,0.11279373368146214,0.08015665796344648,0.28078817733990147,0.2471264367816092,0.006568144499178982,0.5939058721934369,99.13337903414107,0.0019582245430809398,0.0074412532637075715,0.003524804177545692,0.00835509138381201,0.002741514360313316,0.0010443864229765013,0.0009138381201044386,0.0002610966057441253,0.0005221932114882506
nicolay_04,2676,146,18.328767123287673,0.02466367713004484,0.020604395604395604,0.18385650224215244,0.21973094170403587,0.12518684603886399,0.08295964125560538,0.4703196347031963,0.08904109589041095,0.01141552511415525,0.5884281030444964,131.88898863008066,0.0018684603886397607,0.007847533632286996,0.0018684603886397607,0.007100149476831091,0.0018684603886397607,0.0003736920777279522,0.0014947683109118087,0.0,0.0
nicolay_05,5735,250,22.94,0.024585876198779423,0.02383441354798244,0.16599825632083698,0.22859633827375764,0.11054925893635571,0.08805579773321709,0.3940066592674806,0.13762486126526083,0.01220865704772475,0.596579693263444,111.84023807659175,0.0012205754141238012,0.012728857890148213,0.0015693112467306015,0.01028770706190061,0.0026155187445510027,0.0001743679163034002,0.0006974716652136007,0.0005231037489102005,0.0012205754141238012
nicolay_06,15326,735,20.85170068027211,0.016051154900169645,0.01796329800982166,0.4951063552133629,0.21734307712384185,0.1134020618556701,0.09382748270912175,0.4080867027928303,0.14756148395164653,0.00917048770320967,0.5944387614044788,95.2784975747339,0.0016964635260341902,0.009591543781808692,0.0022837009004306407,0.008678063421636436,0.0033276784549132192,0.0012397233459480622,0.0005219887772412893,0.00032624298577580584,0.0012397233459480622
nicolay_07,8756,448,19.544642857142858,0.025582457743261764,0.024019458802067496,0.24874371859296485,0.22978529008679763,0.11957514846962083,0.09170854271356783,0.39157458563535913,0.15331491712707182,0.006906077348066298,0.5891010959241473,102.7295826357524,0.0015989036089538603,0.011991777067153951,0.002055733211512106,0.0077661032434901784,0.0023983554134307905,0.00045682960255824577,0.0014846962083142987,0.00011420740063956144,0.00034262220191868436
nicolay_08,13418,683,19.64568081991215,0.028543747205246682,0.02940443558435086,0.4018482635266061,0.20636458488597406,0.1177522730660307,0.08794157102399762,0.41540516473731076,0.14559216384683882,0.008904719501335707,0.5848727446148955,103.94069896847441,0.002161275898047399,0.011700700551497988,0.004620658816515129,0.008272469816664182,0.0055149798777761215,0.0025339096735728125,0.00163958861231182,0.000521687285735579,0.00081979430615591
nicolay_09,3545,146,24.28082191780822,0.02623413258110014,0.020768431983385256,0.185049365303244,0.21071932299012694,0.1071932299012694,0.0995768688293371,0.35855855855855856,0.17657657657657658,0.007207207207207207,0.5855076923076923,99.29581739966275,0.0028208744710860366,0.010719322990126939,0.005077574047954866,0.011847672778561354,0.002538787023977433,0.001692524682651622,0.000846262341325811,0.0,0.0
nicolay_10,4469,212,21.080188679245282,0.019243678675318864,0.021045918367346938,0.29827701946744234,0.22197359588274782,0.11702841799060193,0.10606399641978072,0.3988439306358382,0.1416184971098266,0.004335260115606936,0.615473982483256,104.6383136159802,0.0013425822331617813,0.012978294920563885,0.0049228015215931975,0.00760796598791676,0.0024614007607965988,0.0011188185276348177,0.00044752741105392703,0.00044752741105392703,0.00044752741105392703
nicolay_11,10349,580,17.843103448275862,0.034496086578413375,0.036704473850031505,0.3866074016813219,0.20784616871195286,0.12233065996714658,0.07643250555609238,0.3666294642857143,0.20814732142857142,0.009486607142857142,0.573826941164176,92.5086053690684,0.0030920861919025992,0.010145907817180404,0.004154990820369118,0.006860566238283892,0.0023190646439269495,0.0009662769349695622,0.0010629046284665186,9.662769349695623e-05,0.00019325538699391245
nicolay_12,2670,129,20.697674418604652,0.02846441947565543,0.02930005425935974,0.30973782771535585,0.21423220973782772,0.12172284644194757,0.0898876404494382,0.3270588235294118,0.2188235294117647,0.009411764705882352,0.5921501416430595,105.61729405438034,0.0033707865168539327,0.011235955056179775,0.006367041198501872,0.006741573033707865,0.0011235955056179776,0.0,0.0003745318352059925,0.0,0.000749063670411985
nicolay_13,19679,1068,18.426029962546817,0.022257228517709234,0.021363520299599967,0.40296763046902795,0.2291274963158697,0.12180496976472381,0.0864881345596829,0.39807865505854095,0.14920444311017714,0.005103572500750525,0.591023819696646,97.6767583983761,0.0025915951013771024,0.00914680624015448,0.0034046445449463897,0.0077239697139082275,0.005996239646323492,0.0023883327404847807,0.0014228365262462523,0.0007622338533462066,0.0014228365262462523
miller_01,3492,231,15.116883116883116,0.04152348224513173,0.041025641025641026,0.10652920962199308,0.20389461626575028,0.1377434135166094,0.06758304696449026,0.4470588235294118,0.05588235294117647,0.0029411764705882353,0.5722957650273224,95.54909437567697,0.00429553264604811,0.01002290950744559,0.002004581901489118,0.009450171821305841,0.02376861397479954,0.008304696449026346,0.001718213058419244,0.007731958762886598,0.006013745704467354
miller_02,8886,454,19.572687224669604,0.03871258158901643,0.03798219584569733,0.05187936079225752,0.20155300472653612,0.13076749943731714,0.08260184559981994,0.4548780487804878,0.04024390243902439,0.0006097560975609756,0.5629097340814833,93.39614795029296,0.002025658338960162,0.012604096331307674,0.004163853252306999,0.013391852352014405,0.006076975016880486,0.002025658338960162,0.0009002925950934053,0.0019131217645734864,0.0012379023182534324
miller_03,8790,489,17.975460122699385,0.03879408418657566,0.036134247917687407,0.07121729237770191,0.19351535836177475,0.12878270762229807,0.08293515358361775,0.4520547945205479,0.06102117061021171,0.00311332503113325,0.5332743166707707,93.44895923382532,0.0013651877133105802,0.008646188850967008,0.003526734926052332,0.013538111490329921,0.0027303754266211604,0.0013651877133105802,0.00022753128555176336,0.0004550625711035267,0.0006825938566552901
miller_04,10758,516,20.848837209302324,0.022030117122141663,0.020646053541440286,0.05902584123443022,0.20672987544153187,0.13171593232942927,0.07045919315857967,0.4454037582529203,0.04164550533265617,0.001015744032503809,0.561879975995199,95.04441671522275,0.0025097601784718347,0.007343372374047221,0.003997025469418107,0.009481316229782488,0.004182933630786392,0.0016731734523145567,0.0013943112102621305,0.0011154489682097045,0.0
miller_05,2954,159,18.57861635220126,0.03114421123899797,0.030072463768115943,0.06567366283006093,0.1922816519972918,0.12593094109681788,0.08598510494245092,0.44021739130434784,0.036231884057971016,0.0,0.5438633902540608,86.05231866825208,0.0013540961408259986,0.006093432633716994,0.002708192281651997,0.01929587000677048,0.003723764387271496,0.003046716316858497,0.00033852403520649965,0.00033852403520649965,0.0
miller_06,18014,954,18.88259958071279,0.023537248806483845,0.018250950570342206,0.12401465526812483,0.21239036305096037,0.1360608415676696,0.07100033307427556,0.47069710055521286,0.052128315854410856,0.001850709438618137,0.5598584927671488,106.86085300611035,0.004274453203064283,0.00827134450982569,0.002220495170423004,0.006883535028311313,0.009936715887642944,0.0038303541689796825,0.0023315199289441545,0.0018874208948595538,0.0018874208948595538
miller_07,6920,362,19.116022099447513,0.027745664739884393,0.02191503708698584,0.14277456647398845,0.18294797687861272,0.13699421965317918,0.07442196531791907,0.4475899005355777,0.05432287681713849,0.0022953328232593728,0.5481571132045345,97.06100718903356,0.005202312138728324,0.005635838150289017,0.002167630057803468,0.009248554913294798,0.023699421965317918,0.005924855491329479,0.0008670520231213873,0.00476878612716763,0.012138728323699421
miller_08,1935,115,16.82608695652174,0.014470284237726097,0.01132300357568534,0.13281653746770028,0.19069767441860466,0.13850129198966407,0.08165374677002583,0.430939226519337,0.06077348066298342,0.0027624309392265192,0.5575606604450826,116.62547099392569,0.0036175710594315244,0.009302325581395349,0.002583979328165375,0.010852713178294573,0.005684754521963824,0.0015503875968992248,0.0005167958656330749,0.0,0.0036175710594315244
miller_09,3174,174,18.24137931034483,0.023314429741650915,0.021643557659790327,0.06836798991808446,0.19092627599243855,0.1285444234404537,0.08443604284814114,0.5072463768115942,0.028985507246376812,0.0018115942028985507,0.5682679389312977,103.1315168406444,0.00315059861373661,0.005040957781978576,0.001260239445494644,0.004725897920604915,0.015122873345935728,0.004410838059231254,0.001575299306868305,0.00315059861373661,0.0059861373660995585
miller_10,2633,156,16.878205128205128,0.03532092669958223,0.029264214046822744,0.09153057349031524,0.20205089251804026,0.1614128370679833,0.059248006076718575,0.42657342657342656,0.050699300699300696,0.0,0.5575365384615385,94.05763525934483,0.0007595898214963919,0.011014052411697683,0.0007595898214963919,0.011014052411697683,0.012913026965438662,0.0060767185719711354,0.00037979491074819596,0.004177744018230156,0.002278769464489176
miller_11,2852,165,17.284848484848485,0.02664796633941094,0.021184778344448804,0.10624123422159892,0.21739130434782608,0.13920056100981767,0.0620617110799439,0.4454225352112676,0.04929577464788732,0.0,0.5413237347294939,102.34822196184928,0.005259467040673212,0.008064516129032258,0.0017531556802244039,0.010168302945301542,0.015077138849929873,0.004207573632538569,0.002805049088359046,0.005960729312762973,0.0021037868162692847
miller_12,1233,83,14.855421686746988,0.040551500405515,0.04394618834080718,0.09570154095701544,0.1978913219789132,0.13706407137064072,0.051094890510948905,0.5393700787401575,0.003937007874015748,0.003937007874015748,0.5173492286115007,111.39975383676982,0.0072992700729927005,0.0113544201135442,0.0016220600162206002,0.008110300081103,0.0227088402270884,0.008921330089213302,0.004866180048661801,0.0032441200324412004,0.0056772100567721
miller_13,1196,64,18.6875,0.016722408026755852,0.013357079252003561,0.06103678929765888,0.2391304347826087,0.13377926421404682,0.08193979933110368,0.45662100456621,0.0273972602739726,0.0,0.5857236255572066,96.78330557141027,0.004180602006688963,0.005852842809364548,0.0016722408026755853,0.006688963210702341,0.03511705685618729,0.008361204013377926,0.0033444816053511705,0.00919732441471572,0.014214046822742474
miller_14,2289,154,14.863636363636363,0.035386631716906945,0.03361344537815126,0.06422018348623848,0.19047619047619047,0.145478374836173,0.0655307994757536,0.4752688172043011,0.034408602150537634,0.002150537634408602,0.5569302059496567,105.67618318763148,0.00436871996505024,0.010484927916120577,0.0,0.009611183923110528,0.01747487986020096,0.0069899519440803845,0.0030581039755351682,0.00218435998252512,0.005242463958060288
miller_15,2120,116,18.275862068965516,0.04575471698113207,0.046343975283213185,0.08396226415094343,0.18537735849056602,0.15047169811320754,0.05188679245283019,0.4872389791183295,0.027842227378190254,0.002320185614849188,0.5448862199747155,94.58358859279433,0.0047169811320754715,0.014622641509433962,0.0023584905660377358,0.007075471698113208,0.01650943396226415,0.0033018867924528303,0.0037735849056603774,0.0033018867924528303,0.006132075471698114
miller_16,1969,118,16.6864406779661,0.019299136617572373,0.016684607104413347,0.05637379380396135,0.2249873031995937,0.13204672422549518,0.06348400203148806,0.4781420765027322,0.01639344262295082,0.0,0.5780780141843972,98.70808535346204,0.0045708481462671405,0.013712544438801422,0.0025393600812595226,0.0111731843575419,0.01218892839004571,0.0,0.0030472320975114273,0.0045708481462671405,0.0045708481462671405
miller_17,1849,117,15.803418803418804,0.05191995673336939,0.05279126213592233,0.10870740941049217,0.1990265008112493,0.14115738236884803,0.0638182801514332,0.5145888594164456,0.034482758620689655,0.0,0.546496583143508,102.82438044596246,0.0037858301784748512,0.019469983775013522,0.001081665765278529,0.011898323418063819,0.015143320713899405,0.002163331530557058,0.0005408328826392645,0.008653326122228232,0.0037858301784748512
miller_18,2477,156,15.878205128205128,0.029874848607186113,0.025240936209270308,0.12030682276947924,0.20710536939846588,0.1404925312878482,0.07186112232539363,0.463768115942029,0.049689440993788817,0.0,0.5653138990109318,84.62536711973226,0.003229713362939039,0.013726281792490917,0.0012111425111021397,0.005651998385143318,0.04319741622930965,0.007670569236980218,0.0044408558740411785,0.010496568429551878,0.020589422688736373
miller_19,2238,132,16.954545454545453,0.024575513851653262,0.016176470588235296,0.08847184986595169,0.20285969615728328,0.14075067024128687,0.07238605898123325,0.4501108647450111,0.057649667405764965,0.0022172949002217295,0.5525321533923304,97.38168818747408,0.002234137622877569,0.01519213583556747,0.002680965147453083,0.0071492403932082215,0.022788203753351208,0.007596067917783735,0.006702412868632708,0.006702412868632708,0.0017873100983020554
miller_20,1138,70,16.257142857142856,0.0351493848857645,0.023023023023023025,0.12214411247803159,0.17838312829525482,0.1616871704745167,0.06854130052724078,0.41472868217054265,0.05426356589147287,0.0,0.542578352180937,85.52519993215587,0.0035149384885764497,0.011423550087873463,0.0,0.01054481546572935,0.02460456942003515,0.0035149384885764497,0.006151142355008787,0.006151142355008787,0.008787346221441126
miller_21,1118,56,19.964285714285715,0.016100178890876567,0.012322274881516588,0.05635062611806796,0.21556350626118068,0.1413237924865832,0.09212880143112702,0.41818181818181815,0.031818181818181815,0.0,0.5634548494983278,89.77828817966294,0.0,0.011627906976744186,0.0017889087656529517,0.008944543828264758,0.03309481216457961,0.004472271914132379,0.005366726296958855,0.005366726296958855,0.017889087656529516
miller_22,2374,140,16.957142857142856,0.031171019376579612,0.02431042543244507,0.09898904802021902,0.1937657961246841,0.14616680707666385,0.06992417860151642,0.4482758620689655,0.06288032454361055,0.002028397565922921,0.5573820780648708,90.71817438049075,0.005897219882055603,0.010109519797809604,0.003369839932603201,0.007582139848357203,0.03201347935973041,0.009688289806234204,0.008845829823083403,0.005475989890480202,0.008003369839932602
miller_23,1249,78,16.012820512820515,0.032025620496397116,0.03048780487804878,0.08086469175340272,0.1977582065652522,0.1377101681345076,0.06485188150520416,0.5,0.046511627906976744,0.003875968992248062,0.5365702592087312,95.58420475628267,0.005604483586869495,0.012810248198558846,0.0040032025620496394,0.01200960768614892,0.01200960768614892,0.006405124099279423,0.0,0.0032025620496397116,0.0024019215372297837
miller_24,1786,113,15.805309734513274,0.036394176931690926,0.0347672362993518,0.049832026875699875,0.20100783874580067,0.14501679731243,0.06606942889137737,0.5303867403314917,0.027624309392265192,0.0,0.5719664268585132,92.10775510204081,0.0033594624860022394,0.012318029115341545,0.002799552071668533,0.008958566629339306,0.036954087346024636,0.007838745800671893,0.006159014557670772,0.01959686450167973,0.0033594624860022394
miller_25,1361,82,16.597560975609756,0.03085966201322557,0.019008264462809916,0.1109478324761205,0.16752387950036737,0.15429831006612785,0.07274063188831742,0.3885135135135135,0.04054054054054054,0.0033783783783783786,0.5338052884615384,95.54285740090236,0.0007347538574577516,0.005143277002204262,0.0036737692872887582,0.014695077149155033,0.03967670830271859,0.01763409257898604,0.00440852314474651,0.0036737692872887582,0.013960323291697281
miller_26,2176,118,18.440677966101696,0.027113970588235295,0.028374892519346516,0.46553308823529416,0.18428308823529413,0.12959558823529413,0.06571691176470588,0.37155963302752293,0.12155963302752294,0.0022935779816513763,0.5388315724052206,108.16749421198362,0.004595588235294118,0.011488970588235295,0.001838235294117647,0.015165441176470588,0.02068014705882353,0.0055147058823529415,0.0013786764705882354,0.002297794117647059,0.011488970588235295
miller_27,2937,178,16.5,0.023152877085461356,0.015754233950374164,0.13551242764725913,0.18488253319713993,0.13210759278175008,0.0759278175008512,0.4352517985611511,0.052158273381294966,0.0,0.546260465116279,91.54286695171811,0.004766768811712632,0.0068096697310180455,0.005788219271365339,0.012938372488934287,0.009533537623425264,0.006128702757916241,0.0006809669731018045,0.0,0.002723867892407218
miller_28,1556,85,18.305882352941175,0.02699228791773779,0.022627737226277374,0.11953727506426737,0.2127249357326478,0.13560411311053985,0.07326478149100257,0.3952702702702703,0.06418918918918919,0.0033783783783783786,0.5974313725490196,88.10931622749973,0.002570694087403599,0.007712082262210797,0.005141388174807198,0.010282776349614395,0.01992287917737789,0.008997429305912597,0.0012853470437017994,0.0038560411311053984,0.005784061696658098
miller_29,2028,124,16.35483870967742,0.023175542406311637,0.008609271523178808,0.2554240631163708,0.1987179487179487,0.14201183431952663,0.07593688362919132,0.36492890995260663,0.08056872037914692,0.0071090047393364926,0.551554054054054,94.87695588928825,0.00641025641025641,0.011341222879684419,0.0019723865877712033,0.015285996055226824,0.023668639053254437,0.008382642998027613,0.0019723865877712033,0.004930966469428008,0.008382642998027613
miller_30,1924,116,16.586206896551722,0.029106029106029108,0.021846370683579985,0.2624740124740125,0.20841995841995842,0.14085239085239085,0.07328482328482329,0.48501362397820164,0.051771117166212535,0.008174386920980926,0.5210606060606061,85.53356457865742,0.005197505197505198,0.008835758835758836,0.0010395010395010396,0.011434511434511435,0.029106029106029108,0.012474012474012475,0.004158004158004158,0.006756756756756757,0.005717255717255718
miller_31,1209,71,17.028169014084508,0.014061207609594707,0.001006036217303823,0.17783291976840365,0.22415219189412738,0.13730355665839536,0.07526881720430108,0.47085201793721976,0.017937219730941704,0.0,0.5497970588235294,107.14791865851439,0.0016542597187758478,0.009925558312655087,0.0008271298593879239,0.010752688172043012,0.043837882547559964,0.01240694789081886,0.0033085194375516956,0.014061207609594707,0.014061207609594707
miller_32,2111,120,17.591666666666665,0.03173851255329228,0.026231263383297645,0.11511132164850779,0.2335386072951208,0.13169114163903364,0.07910942681193747,0.4194373401534527,0.061381074168797956,0.0025575447570332483,0.5905636132315522,89.1248183451732,0.0018948365703458077,0.011842728564661297,0.0,0.009000473709142587,0.022738038844149693,0.006158218853623875,0.0028422548555187117,0.004263382283278067,0.009474182851729039
miller_33,3601,178,20.230337078651687,0.04054429325187448,0.030321975617380433,0.1116356567620106,0.2188281033046376,0.13468480977506248,0.071646764787559,0.43543543543543545,0.07057057057057058,0.0,0.5486498506471955,92.80579179228003,0.0036101083032490976,0.011108025548458762,0.0033324076645376284,0.007497917245209664,0.021938350458206055,0.009441821716189947,0.0005554012774229381,0.00583171341294085,0.006109414051652319
miller_34,3596,202,17.801980198019802,0.023915461624026697,0.0130034887408817,0.12319243604004448,0.19076751946607343,0.160734149054505,0.06312569521690768,0.41205412054120544,0.07626076260762607,0.0012300123001230013,0.5470296963630297,82.5068466609764,0.00389321468298109,0.014738598442714126,0.0033370411568409346,0.010845383759733037,0.027808676307007785,0.007230255839822024,0.006395995550611791,0.008064516129032258,0.006117908787541713
miller_35,1928,112,17.214285714285715,0.023858921161825725,0.011343283582089553,0.13122406639004147,0.19657676348547717,0.14782157676348548,0.06535269709543569,0.49019607843137253,0.05392156862745098,0.0024509803921568627,0.5433342939481268,94.74357926616413,0.0031120331950207467,0.009854771784232365,0.0015560165975103733,0.008817427385892116,0.028526970954356846,0.007780082987551867,0.006742738589211619,0.0036307053941908715,0.01037344398340249
miller_36,3304,172,19.209302325581394,0.007566585956416465,0.004194901581155212,0.06204600484261502,0.19945520581113801,0.1431598062953995,0.07203389830508475,0.47085201793721976,0.029895366218236172,0.0014947683109118087,0.545395382924148,90.55676093168665,0.006053268765133172,0.007566585956416465,0.002421307506053269,0.011803874092009685,0.03238498789346247,0.009382566585956417,0.003934624697336562,0.005145278450363196,0.013922518159806295
miller_37,3795,217,17.48847926267281,0.02924901185770751,0.025455597338733007,0.08906455862977603,0.1865612648221344,0.13254281949934124,0.06982872200263504,0.4734042553191489,0.05452127659574468,0.003989361702127659,0.541658841940532,92.54826964459554,0.005533596837944664,0.01080368906455863,0.008168642951251647,0.011330698287220026,0.03768115942028986,0.016337285902503294,0.0031620553359683794,0.007905138339920948,0.010276679841897233
miller_38,2072,92,22.52173913043478,0.0222007722007722,0.01956745623069001,0.06274131274131278,0.20125482625482624,0.1138996138996139,0.08735521235521236,0.45588235294117646,0.047058823529411764,0.0029411764705882353,0.555240837696335,102.96614841231924,0.0014478764478764478,0.005791505791505791,0.004826254826254826,0.007722007722007722,0.013513513513513514,0.006274131274131274,0.00048262548262548264,0.003861003861003861,0.0028957528957528956
miller_39,1961,116,16.905172413793103,0.011728709841917389,0.00776914539400666,0.08108108108108103,0.20040795512493625,0.14431412544620092,0.0719020907700153,0.4899497487437186,0.01256281407035176,0.002512562814070352,0.5498255977496483,83.83192317249741,0.005099439061703213,0.006629270780214177,0.0,0.00815910249872514,0.03161652218255992,0.005099439061703213,0.010198878123406425,0.0056093829678735335,0.010708822029576747
miller_40,2835,153,18.529411764705884,0.013756613756613757,0.0016420361247947454,0.14074074074074072,0.20423280423280424,0.13968253968253969,0.06349206349206349,0.4808362369337979,0.036585365853658534,0.0017421602787456446,0.5188839876488751,97.93019147388833,0.0038800705467372134,0.015873015873015872,0.0021164021164021165,0.008112874779541446,0.020458553791887126,0.0049382716049382715,0.004585537918871252,0.0049382716049382715,0.00599647266313933
miller_41,7188,457,15.728665207877462,0.03672787979966611,0.03360821534152793,0.10587089593767385,0.2025598219254313,0.1417640511964385,0.06469115191986645,0.45953360768175583,0.05281207133058985,0.0013717421124828531,0.5610913549969344,91.64128627710879,0.005843071786310518,0.009321090706733445,0.002921535893155259,0.008903728436282694,0.03491930996104619,0.00862548692264886,0.004590984974958264,0.01293823038397329,0.008764607679465776
miller_42,1216,83,14.650602409638553,0.05674342105263158,0.05478260869565217,0.05427631578947367,0.19161184210526316,0.14802631578947367,0.078125,0.48314606741573035,0.03745318352059925,0.0,0.5572625538020086,121.62895269627856,0.003289473684210526,0.013157894736842105,0.0024671052631578946,0.011513157894736841,0.03042763157894737,0.004934210526315789,0.008223684210526315,0.003289473684210526,0.013980263157894737
miller_43,1492,83,17.97590361445783,0.029490616621983913,0.02979011509817197,0.010053619302949013,0.25067024128686327,0.13002680965147453,0.0690348525469169,0.4924812030075188,0.0037593984962406013,0.0,0.5502238493723849,107.58493640840331,0.003351206434316354,0.011394101876675604,0.0013404825737265416,0.012064343163538873,0.036193029490616625,0.010053619302949061,0.005361930294906166,0.014745308310991957,0.006032171581769437
miller_44,1597,101,15.811881188118813,0.031934877896055106,0.030833917309039945,0.1064495929868503,0.20538509705698185,0.1308703819661866,0.06825297432686286,0.4504792332268371,0.05750798722044728,0.0,0.5663899253731344,99.02590759229689,0.004383218534752661,0.008140262993112084,0.004383218534752661,0.00939261114589856,0.042579837194740136,0.013775829680651221,0.0031308703819661866,0.011271133375078271,0.014402003757044458
miller_45,481,36,13.36111111111111,0.05405405405405406,0.04645476772616137,0.1496881496881497,0.16424116424116425,0.15384615384615385,0.05197505197505198,0.4519230769230769,0.10576923076923077,0.0,nan,89.32418845159437,0.004158004158004158,0.012474012474012475,0.008316008316008316,0.006237006237006237,0.016632016632016633,0.006237006237006237,0.006237006237006237,0.002079002079002079,0.002079002079002079
miller_46,523,44,11.886363636363637,0.08030592734225621,0.07758620689655173,0.11281070745697896,0.13575525812619502,0.16061185468451242,0.05162523900573614,0.6283185840707964,0.061946902654867256,0.0,0.4848,111.16214620138103,0.009560229445506692,0.009560229445506692,0.009560229445506692,0.015296367112810707,0.009560229445506692,0.0,0.0019120458891013384,0.0019120458891013384,0.0057361376673040155
brumme_01,2265,139,16.294964028776977,0.045033112582781455,0.04477611940298507,0.02384105960264904,0.21545253863134659,0.10684326710816777,0.04856512141280353,0.41624365482233505,0.2436548223350254,0.02030456852791878,0.6062309017805859,59.9609375,0.0,0.00706401766004415,0.003973509933774834,0.007947019867549669,0.009713024282560706,0.004856512141280353,0.0008830022075055188,0.0008830022075055188,0.0030905077262693157
brumme_02,1019,86,11.848837209302326,0.020608439646712464,0.02119071644803229,0.027477919528949957,0.22178606476938176,0.12070657507360157,0.058881256133464184,0.21714285714285714,0.4857142857142857,0.08,0.6352814371257485,48.58,0.001962708537782139,0.003925417075564278,0.007850834151128557,0.010794896957801767,0.020608439646712464,0.012757605495583905,0.0009813542688910696,0.0009813542688910696,0.005888125613346418
brumme_03,1275,93,13.709677419354838,0.03294117647058824,0.02982456140350877,0.10588235294117643,0.2203921568627451,0.11764705882352941,0.054901960784313725,0.19823788546255505,0.4185022026431718,0.03524229074889868,0.6463872679045093,50.62391362087733,0.006274509803921568,0.00392156862745098,0.005490196078431373,0.010980392156862745,0.01568627450980392,0.009411764705882352,0.0,0.002352941176470588,0.00392156862745098
brumme_04,1417,116,12.21551724137931,0.02893436838390967,0.029496402877697843,0.019054340155257532,0.19830628087508823,0.11009174311926606,0.043048694424841216,0.26037735849056604,0.36981132075471695,0.03773584905660377,0.5971002227171492,51.28076371855223,0.007057163020465773,0.009174311926605505,0.002117148906139732,0.015525758645024701,0.021877205363443897,0.011291460832745237,0.0,0.004940014114326041,0.0056457304163726185
brumme_05,1184,96,12.333333333333334,0.03125,0.025339366515837104,0.06672297297297303,0.22635135135135134,0.10388513513513513,0.04983108108108108,0.2964824120603015,0.36683417085427134,0.04522613065326633,0.6264751879699249,53.05204237077975,0.006756756756756757,0.0059121621621621625,0.005067567567567568,0.006756756756756757,0.02195945945945946,0.007601351351351352,0.005067567567567568,0.0059121621621621625,0.0033783783783783786
brumme_06,1572,127,12.377952755905511,0.02544529262086514,0.01884057971014493,0.12213740458015265,0.1940203562340967,0.12086513994910941,0.05089058524173028,0.14383561643835616,0.5068493150684932,0.03767123287671233,0.615925572519084,57.76344648545113,0.006361323155216285,0.009541984732824428,0.001272264631043257,0.011450381679389313,0.02608142493638677,0.006997455470737914,0.003816793893129771,0.004452926208651399,0.010814249363867684
brumme_07,1418,114,12.43859649122807,0.04372355430183357,0.04436363636363636,0.030324400564174847,0.20521861777150915,0.11706629055007052,0.04160789844851904,0.2318840579710145,0.4384057971014493,0.050724637681159424,0.6135171650055371,50.07112317638751,0.004231311706629055,0.011283497884344146,0.003526093088857546,0.011988716502115656,0.01692524682651622,0.00846262341325811,0.003526093088857546,0.0007052186177715092,0.004231311706629055
brumme_08,1054,84,12.547619047619047,0.04174573055028463,0.042437431991294884,0.12808349146110054,0.22106261859582543,0.1062618595825427,0.04079696394686907,0.3076923076923077,0.33516483516483514,0.04945054945054945,0.6326630036630037,50.31020352098166,0.012333965844402278,0.004743833017077799,0.003795066413662239,0.008538899430740038,0.018975332068311195,0.006641366223908918,0.0009487666034155598,0.003795066413662239,0.007590132827324478
brumme_09,1324,114,11.614035087719298,0.04078549848942598,0.03066271018793274,0.23640483383685795,0.20996978851963746,0.12764350453172205,0.04833836858006042,0.27710843373493976,0.3855421686746988,0.05220883534136546,0.6081039603960396,48.76338285577805,0.013595166163141994,0.00906344410876133,0.0,0.009818731117824773,0.017371601208459216,0.006042296072507553,0.006042296072507553,0.0022658610271903325,0.0030211480362537764
brumme_10,1011,83,12.180722891566266,0.033630069238377844,0.03403755868544601,0.1572700296735905,0.19980217606330367,0.12166172106824925,0.04253214638971316,0.2079207920792079,0.33663366336633666,0.06435643564356436,0.597719512195122,51.889813569349165,0.013847675568743818,0.005934718100890208,0.006923837784371909,0.011869436201780416,0.016815034619188922,0.002967359050445104,0.004945598417408506,0.002967359050445104,0.005934718100890208
brumme_11,1005,75,13.4,0.04079601990049751,0.043209876543209874,0.19402985074626866,0.19900497512437812,0.10945273631840796,0.04776119402985075,0.30337078651685395,0.34831460674157305,0.09550561797752809,0.6160448979591837,55.12610403007399,0.007960199004975124,0.007960199004975124,0.003980099502487562,0.009950248756218905,0.028855721393034824,0.010945273631840797,0.005970149253731343,0.005970149253731343,0.005970149253731343
brumme_12,1365,99,13.787878787878787,0.02490842490842491,0.023668639053254437,0.1333333333333333,0.20512820512820512,0.12234432234432234,0.05641025641025641,0.3048327137546468,0.2788104089219331,0.05947955390334572,0.5990868014268728,57.10625974604589,0.008791208791208791,0.003663003663003663,0.0014652014652014652,0.01098901098901099,0.021245421245421246,0.006593406593406593,0.005860805860805861,0.004395604395604396,0.004395604395604396
brumme_13,1405,97,14.484536082474227,0.03416370106761566,0.03350515463917526,0.17153024911032033,0.1893238434163701,0.11814946619217082,0.04341637010676157,0.25448028673835127,0.32616487455197135,0.06093189964157706,0.5910134831460674,50.577379295617476,0.012811387900355872,0.0056939501779359435,0.004270462633451958,0.008540925266903915,0.020640569395017794,0.007829181494661922,0.0028469750889679717,0.0035587188612099642,0.006405693950177936
brumme_14,1106,80,13.825,0.02802893309222423,0.03518518518518519,0.511754068716094,0.2070524412296564,0.11301989150090416,0.04701627486437613,0.19801980198019803,0.4504950495049505,0.039603960396039604,0.578581512605042,64.10234986247072,0.0009041591320072332,0.014466546112115732,0.0009041591320072332,0.015370705244122965,0.0189873417721519,0.009945750452079566,0.0027124773960217,0.003616636528028933,0.0027124773960217
brumme_15,1200,94,12.76595744680851,0.030833333333333334,0.029259896729776247,0.03166666666666662,0.21416666666666667,0.11,0.055,0.2676056338028169,0.38967136150234744,0.08450704225352113,0.6057533039647577,50.76127549554726,0.009166666666666667,0.0033333333333333335,0.0033333333333333335,0.011666666666666667,0.025,0.011666666666666667,0.004166666666666667,0.0008333333333333334,0.008333333333333333
brumme_16,1359,90,15.1,0.04194260485651214,0.04136690647482014,0.18175128771155258,0.18763796909492272,0.11405445180279618,0.05518763796909492,0.15163934426229508,0.4385245901639344,0.028688524590163935,0.6119498806682577,51.634370477447305,0.006622516556291391,0.0051508462104488595,0.0029433406916850625,0.011037527593818985,0.0051508462104488595,0.0029433406916850625,0.0007358351729212656,0.0014716703458425313,0.0
brumme_17,1505,122,12.336065573770492,0.043853820598006646,0.04888152444076222,0.19800664451827243,0.20332225913621263,0.11495016611295682,0.04717607973421927,0.1947565543071161,0.48314606741573035,0.0599250936329588,0.622210101010101,43.67826564269609,0.009966777408637873,0.005980066445182724,0.0026578073089701,0.0106312292358804,0.019269102990033222,0.009966777408637873,0.0033222591362126247,0.003986710963455149,0.0019933554817275745
brumme_18,1422,95,14.968421052631578,0.026019690576652602,0.023919753086419752,0.08860759493670889,0.20745428973277075,0.10548523206751055,0.05414908579465542,0.208,0.38,0.068,0.6119597315436242,57.13110728496343,0.004219409282700422,0.007735583684950774,0.0035161744022503515,0.011251758087201125,0.01617440225035162,0.006329113924050633,0.0028129395218002813,0.004219409282700422,0.0028129395218002813
brumme_19,1844,144,12.805555555555555,0.03470715835140998,0.040622884224779957,0.1990238611713666,0.21475054229934923,0.11767895878524946,0.05477223427331887,0.19117647058823528,0.5176470588235295,0.058823529411764705,0.6078893100833965,49.74094769212895,0.00596529284164859,0.0070498915401301515,0.0010845986984815619,0.007592190889370932,0.0227765726681128,0.00596529284164859,0.004880694143167028,0.006507592190889371,0.005422993492407809
orth_01,5512,423,13.030732860520095,0.029934687953555878,0.024385160483534805,0.12953555878084178,0.2351233671988389,0.10722060957910015,0.05678519593613933,0.22611850060459493,0.524788391777509,0.045949214026602174,0.6361134838316046,49.85638046032435,0.0039912917271407835,0.010159651669085631,0.0019956458635703917,0.006168359941944848,0.017779390420899856,0.008889695210449928,0.0019956458635703917,0.00362844702467344,0.003265602322206096
orth_02,3167,234,13.534188034188034,0.03725923586990843,0.034409515717926935,0.2567098200189454,0.20492579728449636,0.10798863277549732,0.0473634354278497,0.17984189723320157,0.5513833992094862,0.039525691699604744,0.6294673913043478,49.42877916584044,0.0022102936532996525,0.009788443321755604,0.003789074834227976,0.00884117461319861,0.010419955794126934,0.0050520997789706345,0.0015787811809283233,0.0015787811809283233,0.0022102936532996525
orth_03,6451,501,12.87624750499002,0.03968376995814602,0.03729111697449428,0.11874128042164,0.20151914431871026,0.11486591226166486,0.050379786079677566,0.28317757009345795,0.4504672897196262,0.05420560747663551,0.6230736154110768,50.73472105124586,0.0032553092543791662,0.010696016121531546,0.002170206169586111,0.007750736319950395,0.011781119206324601,0.004185397612773214,0.0010851030847930554,0.0026352503487831343,0.0038753681599751977
orth_04,4519,346,13.060693641618498,0.03341447222836911,0.02866061293984109,0.2201814560743527,0.21553441026775835,0.11838902412038062,0.04403629121487054,0.2908622908622909,0.46589446589446587,0.06692406692406692,0.6294069000507356,50.236073240481254,0.00398318211993804,0.012392122150918344,0.003540606328833813,0.006638636866563399,0.0165965921664085,0.006859924762115512,0.003098030537729586,0.00398318211993804,0.0026554547466253594
orth_05,4010,292,13.732876712328768,0.020698254364089775,0.01884570082449941,0.1531172069825436,0.22942643391521197,0.1144638403990025,0.06259351620947631,0.23773006134969324,0.5061349693251533,0.05214723926380368,0.6420779522978476,46.46718970857297,0.003740648379052369,0.013216957605985038,0.0014962593516209476,0.006982543640897756,0.014713216957605985,0.005486284289276808,0.002743142144638404,0.0022443890274314216,0.004239401496259352
orth_06,7300,554,13.176895306859207,0.027534246575342466,0.023558082859463852,0.1568493150684932,0.21424657534246574,0.11232876712328767,0.046986301369863016,0.22817631806395852,0.5315471045808124,0.045808124459809856,0.62652,49.57951855906648,0.0042465753424657535,0.012602739726027398,0.0028767123287671234,0.0073972602739726025,0.013013698630136987,0.0032876712328767125,0.0030136986301369864,0.0026027397260273972,0.00410958904109589
orth_07,5539,472,11.735169491525424,0.045676114822170065,0.0475355969331873,0.17584401516519232,0.20256363964614552,0.12529337425528073,0.04296804477342481,0.2923857868020305,0.4416243654822335,0.04060913705583756,0.6125607324516785,49.73492221250738,0.002708070048745261,0.010110128181982307,0.002346994042245893,0.009749052175482938,0.011734970211229464,0.003791298068243365,0.001985918035746525,0.002166456038996209,0.003791298068243365
orth_08,8307,677,12.270310192023633,0.042855423137113276,0.0385866351271437,0.18574696039484773,0.20705429156133381,0.1197785000601902,0.04634645479715902,0.20774647887323944,0.5387323943661971,0.04507042253521127,0.620402088772846,46.9967521505903,0.005417118093174431,0.010593475382207777,0.0019260864331286866,0.007945106536655833,0.018297821114722522,0.005898639701456603,0.003129890453834116,0.004092933670398459,0.005176357289033345
orth_09,1465,98,14.948979591836734,0.019795221843003412,0.01634877384196185,0.24846416382252556,0.2075085324232082,0.10853242320819112,0.05324232081911263,0.2773109243697479,0.42857142857142855,0.05042016806722689,0.6207362869198312,52.593144837948444,0.00477815699658703,0.010921501706484642,0.0013651877133105802,0.008191126279863481,0.008873720136518772,0.00477815699658703,0.0013651877133105802,0.0013651877133105802,0.0013651877133105802
orth_10,2009,157,12.796178343949045,0.022399203583872575,0.014857881136950904,0.22946739671478344,0.22797411647585863,0.11548033847685416,0.0467894474863116,0.3161094224924012,0.45592705167173253,0.0486322188449848,0.6306092265943012,53.80800975356877,0.003982080637132902,0.010950721752115481,0.001991040318566451,0.0024888003982080635,0.017919362867098058,0.007964161274265804,0.0054753608760577405,0.001991040318566451,0.0024888003982080635
orth_11,2995,224,13.370535714285714,0.03138564273789649,0.0242798353909465,0.1886477462437396,0.21569282136894824,0.12186978297161936,0.038731218697829715,0.16326530612244897,0.5612244897959183,0.053061224489795916,0.6438864379084968,45.29748437760692,0.002337228714524207,0.009348914858096828,0.000333889816360601,0.004340567612687813,0.009348914858096828,0.004340567612687813,0.001669449081803005,0.001335559265442404,0.002003338898163606
orth_12,3334,246,13.552845528455284,0.035992801439712056,0.03234782608695652,0.1376724655068986,0.21865626874625074,0.11997600479904019,0.04409118176364727,0.18727272727272729,0.5890909090909091,0.045454545454545456,0.6228302023121387,52.97898332931864,0.005098980203959208,0.010497900419916016,0.0026994601079784043,0.00629874025194961,0.01199760047990402,0.0032993401319736052,0.0020995800839832034,0.003599280143971206,0.002999400119976005
orth_13,2442,172,14.19767441860465,0.03276003276003276,0.028109627547434995,0.4172809172809173,0.21171171171171171,0.11179361179361179,0.05773955773955774,0.17733990147783252,0.5221674876847291,0.04187192118226601,0.5997665245202559,50.490858725761775,0.006142506142506142,0.007780507780507781,0.0012285012285012285,0.00819000819000819,0.020884520884520884,0.007371007371007371,0.005323505323505323,0.001638001638001638,0.006552006552006552
orth_14,2472,195,12.676923076923076,0.03478964401294499,0.025627883136852898,0.2107605177993528,0.21359223300970873,0.11812297734627832,0.04571197411003236,0.2240566037735849,0.5448113207547169,0.05660377358490566,0.6242642487046632,50.84710428283464,0.0052588996763754045,0.013349514563106795,0.0020226537216828477,0.0048543689320388345,0.021035598705501618,0.006067961165048544,0.0036407766990291263,0.004449838187702265,0.006877022653721683
orth_15,3629,263,13.798479087452472,0.04464039680352714,0.038266919671094246,0.12868558831634058,0.2006062276109121,0.11931661614769909,0.04739597685312758,0.16932907348242812,0.5814696485623003,0.051118210862619806,0.6122417939551511,49.978979925829165,0.002204464039680353,0.01350234224304216,0.0008266740148801323,0.008817856158721412,0.019289060347203086,0.006888950124001102,0.003306696059520529,0.003306696059520529,0.005786718104160926
