unit_id,book,period,ukraine,short,words,ua,foreign,state_ukraine,state_other,UU,FU,FF,UU_win,FU_win,ua_West,ua_Centre,ua_South,ua_East,UF_Russia and Belarus,UF_Central and Eastern Europe,UF_Western Europe and North America,UF_Elsewhere
applebaum_01,applebaum,P1,False,False,4362,19,35,10,73,4,13,12,4,23,14,3,2,0,4,9,0,0
applebaum_02,applebaum,P1,False,False,2140,0,36,0,10,0,0,12,0,0,0,0,0,0,0,0,0,0
applebaum_03,applebaum,P1,False,False,2557,1,32,1,16,0,1,3,0,1,1,0,0,0,0,1,0,0
applebaum_04,applebaum,P1,False,False,7042,1,72,0,43,0,1,11,0,2,0,0,1,0,1,0,0,0
applebaum_05,applebaum,P1,False,False,3969,3,26,4,63,0,1,2,0,5,2,1,0,0,1,0,0,0
applebaum_06,applebaum,P1,False,False,4518,2,46,0,23,0,1,1,0,3,2,0,0,0,0,1,0,0
applebaum_07,applebaum,P1,False,False,3378,0,17,0,21,0,0,3,0,0,0,0,0,0,0,0,0,0
applebaum_08,applebaum,P1,False,False,3118,0,47,0,11,0,0,4,0,0,0,0,0,0,0,0,0,0
applebaum_09,applebaum,P1,False,False,1677,0,9,1,22,0,0,0,0,0,0,0,0,0,0,0,0,0
applebaum_10,applebaum,P1,False,False,1163,0,9,0,8,0,0,0,0,0,0,0,0,0,0,0,0,0
applebaum_11,applebaum,P1,False,False,1977,0,19,0,12,0,0,6,0,0,0,0,0,0,0,0,0,0
applebaum_12,applebaum,P1,False,False,6886,2,51,0,43,0,2,12,0,3,1,0,1,0,2,0,0,0
applebaum_13,applebaum,P1,False,False,3640,2,27,0,15,0,5,11,0,6,1,0,1,0,2,0,2,1
applebaum_14,applebaum,P1,False,False,6877,15,37,46,106,1,4,15,2,11,6,8,1,0,2,0,0,2
applebaum_15,applebaum,P1,False,False,4150,1,49,0,42,0,0,9,0,3,0,1,0,0,0,0,0,0
applebaum_16,applebaum,P1,False,False,3946,0,64,5,44,0,0,11,0,0,0,0,0,0,0,0,0,0
applebaum_17,applebaum,P1,False,False,1788,1,23,1,7,0,0,2,0,0,0,1,0,0,0,0,0,0
applebaum_18,applebaum,P1,False,False,1427,21,3,11,5,17,7,0,40,16,12,4,4,1,5,2,0,0
applebaum_19,applebaum,P1,True,False,7028,48,15,30,37,0,4,4,6,11,45,3,0,0,1,0,3,0
applebaum_20,applebaum,P1,True,False,1824,19,6,4,14,3,1,0,6,4,18,0,0,1,0,1,0,0
applebaum_21,applebaum,P1,True,False,2358,17,5,0,1,2,1,3,4,9,17,0,0,0,0,0,1,0
applebaum_22,applebaum,P1,True,False,4328,44,10,9,40,10,4,0,21,11,43,1,0,0,1,1,2,0
applebaum_23,applebaum,P1,True,False,2888,49,24,4,11,5,13,3,22,31,46,3,0,0,5,5,3,0
applebaum_24,applebaum,P1,True,False,3065,44,10,1,10,0,4,1,6,13,42,1,1,0,1,0,3,0
applebaum_25,applebaum,P1,False,False,4409,14,87,0,66,7,14,10,9,27,8,0,6,0,0,14,0,0
applebaum_26,applebaum,P1,True,False,3838,58,38,0,26,6,17,6,11,38,3,3,52,0,9,7,1,0
applebaum_27,applebaum,P1,False,False,3427,7,35,2,30,0,2,5,0,9,1,0,6,0,0,0,0,2
nicolay_01,nicolay,,False,False,1793,3,15,8,19,0,3,5,0,13,0,3,0,0,3,0,0,0
nicolay_02,nicolay,P1,True,False,6702,24,22,11,35,7,2,10,9,10,1,1,4,18,1,0,0,1
nicolay_03,nicolay,P1,False,False,7479,2,44,3,18,0,1,6,0,2,1,0,0,1,1,0,0,0
nicolay_04,nicolay,P1,False,False,2606,1,22,0,4,0,2,7,0,2,0,1,0,0,2,0,0,0
nicolay_05,nicolay,P1,False,False,5602,1,69,1,20,0,0,19,0,1,1,0,0,0,0,0,0,0
nicolay_06,nicolay,P1,False,False,15030,7,102,8,55,1,1,22,2,4,0,0,5,2,1,0,0,0
nicolay_07,nicolay,P1,False,False,8565,1,49,5,43,0,8,53,0,8,0,0,0,1,8,0,0,0
nicolay_08,nicolay,P1,False,False,13081,1,123,0,101,0,0,17,0,1,0,1,0,0,0,0,0,0
nicolay_09,nicolay,P1,False,False,3456,2,37,3,28,0,0,10,0,0,2,0,0,0,0,0,0,0
nicolay_10,nicolay,P1,False,False,4377,0,33,2,43,0,0,8,0,0,0,0,0,0,0,0,0,0
nicolay_11,nicolay,P1,False,False,10104,0,80,0,66,0,0,12,0,0,0,0,0,0,0,0,0,0
nicolay_12,nicolay,P1,False,False,2601,0,10,2,21,0,0,2,0,0,0,0,0,0,0,0,0,0
nicolay_13,nicolay,P2,True,False,19157,137,25,45,47,28,11,3,57,22,38,71,18,10,7,2,1,1
miller_01,miller,P3,True,False,3442,31,7,16,11,6,1,4,19,8,0,15,3,13,1,0,0,0
miller_02,miller,P1,True,False,8736,83,11,28,23,16,5,2,45,14,6,12,5,60,4,0,1,0
miller_03,miller,P1,True,False,8681,59,9,29,13,19,2,0,54,12,14,8,9,28,1,1,0,0
miller_04,miller,P1,True,False,10535,107,7,53,31,42,2,0,92,18,1,16,5,85,2,0,0,0
miller_05,miller,P1,True,False,2911,12,12,8,9,0,2,8,0,6,0,12,0,0,1,0,1,0
miller_06,miller,P2,True,False,17734,85,21,58,30,23,3,1,32,18,11,64,4,6,2,0,1,0
miller_07,miller,P2,True,False,6780,85,15,30,55,14,7,0,44,27,1,20,62,2,7,0,0,0
miller_08,miller,P2,True,False,1909,40,4,15,19,13,2,0,34,7,0,9,30,1,2,0,0,0
miller_09,miller,P2,True,False,3115,65,7,10,15,38,1,3,83,9,0,7,13,45,1,0,0,0
miller_10,miller,P2,True,False,2568,18,2,3,6,7,0,0,9,1,0,2,0,16,0,0,0,0
miller_11,miller,P2,True,False,2791,44,1,1,7,18,0,0,31,0,0,4,3,37,0,0,0,0
miller_12,miller,P2,True,False,1215,18,0,3,1,6,0,0,16,0,0,1,0,17,0,0,0,0
miller_13,miller,P2,True,False,1167,13,0,6,1,2,0,0,11,0,0,1,2,10,0,0,0,0
miller_14,miller,P2,True,False,2237,11,2,6,7,1,0,0,4,0,0,1,1,9,0,0,0,0
miller_15,miller,P2,True,False,2098,17,1,2,7,3,0,0,4,0,0,1,0,16,0,0,0,0
miller_16,miller,P2,True,False,1929,20,7,2,6,3,2,0,9,12,0,6,2,12,1,0,1,0
miller_17,miller,P2,True,False,1818,14,0,0,3,1,0,0,2,0,0,1,0,13,0,0,0,0
miller_18,miller,P2,True,False,2433,27,3,11,6,7,2,1,19,2,0,5,3,19,2,0,0,0
miller_19,miller,P2,True,False,2212,13,2,2,3,1,1,0,3,4,0,2,0,11,1,0,0,0
miller_20,miller,P2,True,False,1113,15,3,3,0,2,1,0,13,4,2,5,0,8,1,0,0,0
miller_21,miller,P2,True,False,1091,6,0,6,4,0,0,0,0,0,0,3,0,3,0,0,0,0
miller_22,miller,P2,True,False,2324,33,3,6,5,9,0,1,24,5,1,6,1,25,0,0,0,0
miller_23,miller,P2,True,False,1234,10,1,1,1,0,1,0,1,3,0,2,0,8,1,0,0,0
miller_24,miller,P2,True,False,1754,14,4,4,3,1,1,1,4,5,1,2,1,10,1,0,0,0
miller_25,miller,P2,True,False,1332,17,7,10,4,12,3,0,18,13,0,5,1,11,2,0,1,0
miller_26,miller,P2,True,False,2126,10,4,18,19,1,0,0,3,1,0,3,2,5,0,0,0,0
miller_27,miller,P2,True,False,2867,19,4,17,7,4,1,0,7,2,0,5,6,8,1,0,0,0
miller_28,miller,P2,True,False,1524,17,4,5,4,2,0,6,6,0,0,8,1,8,0,0,0,0
miller_29,miller,P3,True,False,1974,20,3,17,4,11,2,0,22,9,1,5,10,4,2,0,0,0
miller_30,miller,P3,True,False,1880,11,0,7,2,1,0,0,3,0,0,10,0,1,0,0,0,0
miller_31,miller,P3,True,False,1183,12,0,6,4,2,0,0,9,0,0,10,1,1,0,0,0,0
miller_32,miller,P3,True,False,2074,16,3,10,7,1,0,0,2,1,0,12,3,1,0,0,0,0
miller_33,miller,P3,True,False,3507,18,6,18,11,0,1,0,1,2,0,15,2,1,1,0,0,0
miller_34,miller,P3,True,False,3493,46,2,6,16,14,0,0,23,3,3,38,1,4,0,0,0,0
miller_35,miller,P3,True,False,1886,17,1,7,3,1,1,0,4,2,8,7,2,0,1,0,0,0
miller_36,miller,P3,True,False,3237,37,0,12,7,14,0,0,18,0,0,36,0,1,0,0,0,0
miller_37,miller,P2,True,False,3699,34,8,17,16,7,2,0,20,7,1,0,3,30,2,0,0,0
miller_38,miller,P2,True,False,2041,37,4,18,11,14,3,0,36,15,0,5,8,24,3,0,0,0
miller_39,miller,P3,True,False,1933,23,2,9,2,7,1,0,12,3,0,4,3,16,1,0,0,0
miller_40,miller,P3,True,False,2789,14,9,10,17,0,1,3,1,4,0,1,0,13,1,0,0,0
miller_41,miller,P3,True,False,7033,92,4,12,7,22,1,0,74,5,2,12,4,74,1,0,0,0
miller_42,miller,P3,True,False,1194,10,0,1,0,6,0,0,11,0,0,0,0,10,0,0,0,0
miller_43,miller,P3,True,False,1467,9,3,6,4,2,0,0,3,0,0,3,3,3,0,0,0,0
miller_44,miller,P3,True,False,1578,22,1,2,7,6,1,0,8,3,0,3,1,18,1,0,0,0
miller_45,miller,P2,True,True,476,9,0,3,1,0,0,0,2,0,3,0,0,6,0,0,0,0
miller_46,miller,P3,True,True,517,10,0,0,2,7,0,0,9,0,2,0,0,8,0,0,0,0
brumme_01,brumme,,True,False,2267,14,13,12,24,2,3,4,2,3,0,7,2,5,1,0,2,0
brumme_02,brumme,P2,True,False,1018,10,1,4,12,2,0,0,4,0,0,1,1,8,0,0,0,0
brumme_03,brumme,P2,True,False,1272,4,4,3,9,0,0,0,0,0,0,2,0,2,0,0,0,0
brumme_04,brumme,P2,True,False,1422,16,1,7,9,0,0,0,10,0,3,9,2,2,0,0,0,0
brumme_05,brumme,P2,True,False,1191,8,2,6,17,2,0,0,4,0,0,2,1,5,0,0,0,0
brumme_06,brumme,P2,True,False,1577,6,5,10,21,1,0,3,3,3,0,3,1,2,0,0,0,0
brumme_07,brumme,P3,True,False,1420,15,0,3,2,0,0,0,4,0,1,8,3,3,0,0,0,0
brumme_08,brumme,P3,True,False,1055,6,9,9,9,0,7,4,1,12,1,5,0,0,1,1,4,1
brumme_09,brumme,P3,True,False,1335,15,7,4,7,7,4,0,9,7,1,11,1,2,0,0,4,0
brumme_10,brumme,P3,True,False,1013,11,3,6,9,0,0,0,1,2,0,7,2,2,0,0,0,0
brumme_11,brumme,P3,True,False,1007,9,0,5,8,1,0,0,3,0,1,8,0,0,0,0,0,0
brumme_12,brumme,P3,True,False,1367,13,1,9,8,6,1,0,6,1,1,6,5,1,1,0,0,0
brumme_13,brumme,P3,True,False,1410,24,2,3,4,6,0,0,17,0,0,12,3,9,0,0,0,0
brumme_14,brumme,P3,True,False,1108,6,0,7,10,0,0,0,1,0,0,4,2,0,0,0,0,0
brumme_15,brumme,P3,True,False,1202,8,2,2,4,0,0,0,0,0,0,4,1,3,0,0,0,0
brumme_16,brumme,P3,True,False,1367,3,5,2,7,0,1,0,0,1,0,1,1,1,0,0,1,0
brumme_17,brumme,P3,True,False,1509,7,1,3,12,0,0,0,0,0,0,5,1,1,0,0,0,0
brumme_18,brumme,P3,True,False,1423,19,3,6,14,0,0,0,2,0,0,14,2,3,0,0,0,0
brumme_19,brumme,P3,True,False,1845,8,2,7,7,0,0,0,1,1,0,6,0,2,0,0,0,0
orth_01,orth,P3,True,False,5528,60,9,20,25,21,3,0,37,10,10,25,15,10,0,1,2,0
orth_02,orth,P3,True,False,3172,21,1,10,13,2,0,0,8,2,13,3,3,2,0,0,0,0
orth_03,orth,P3,True,False,6461,33,9,22,67,5,0,1,7,0,14,9,2,8,0,0,0,0
orth_04,orth,P3,True,False,4522,35,7,5,12,22,0,0,29,9,0,12,4,19,0,0,0,0
orth_05,orth,P3,True,False,4010,28,3,4,15,5,2,0,8,3,0,11,4,13,2,0,0,0
orth_06,orth,P3,True,False,7308,42,21,11,13,6,5,12,7,7,6,12,22,2,0,2,3,0
orth_07,orth,P3,True,False,5546,35,3,11,15,5,2,1,10,8,0,1,23,11,2,0,0,0
orth_08,orth,P3,True,False,8323,54,28,18,48,14,2,16,18,12,2,15,25,12,2,0,0,0
orth_09,orth,P3,True,False,1465,25,6,3,7,8,8,4,15,13,18,1,4,2,0,6,2,0
orth_10,orth,P3,True,False,2010,19,2,5,10,2,0,0,3,2,0,10,7,2,0,0,0,0
orth_11,orth,P3,True,False,3006,14,5,8,8,0,1,0,1,2,2,9,3,0,0,0,1,0
orth_12,orth,P3,True,False,3336,11,0,7,8,0,0,0,0,0,2,8,0,1,0,0,0,0
orth_13,orth,P3,True,False,2458,14,3,7,14,4,0,0,5,0,0,4,5,5,0,0,0,0
orth_14,orth,P3,True,False,2472,36,3,3,5,30,3,0,45,5,0,1,2,33,3,0,0,0
orth_15,orth,P3,True,False,3631,33,3,4,7,1,0,3,10,0,0,5,2,26,0,0,0,0
