unit_id,book,context,period,pc1,pc2,pc3
applebaum_01,applebaum,American,P1,3.5257299673853932,-1.0018208702629527,-2.878604296342269
applebaum_02,applebaum,American,P1,1.6408561327823539,-1.599220144001367,-0.6264455445978906
applebaum_03,applebaum,American,P1,3.0298003676647727,-0.5311650529769976,-1.6773960108536599
applebaum_04,applebaum,American,P1,2.4012672931110752,-0.6422752873410277,1.1433677404005658
applebaum_05,applebaum,American,P1,4.155987115332002,-1.2637964718256416,-2.9563640003463267
applebaum_06,applebaum,American,P1,2.0107468363510055,-0.6234645643408883,0.797903242759118
applebaum_07,applebaum,American,P1,2.0224866411802185,-1.5722243660481832,0.47821407137660427
applebaum_08,applebaum,American,P1,3.2150226541112104,-0.06692097363316513,0.14192957622854804
applebaum_09,applebaum,American,P1,2.595037177096387,0.5082044985418331,3.2112485353449283
applebaum_10,applebaum,American,P1,4.076410840392358,1.4333406427133784,1.5966370149739468
applebaum_11,applebaum,American,P1,2.4320836638477568,-0.09151948969679653,3.3329685641784583
applebaum_12,applebaum,American,P1,2.3088342768625463,-1.6980998985932763,0.6642403305620022
applebaum_13,applebaum,American,P1,1.6320567880876427,-0.3962050698565163,2.956519963240872
applebaum_14,applebaum,American,P1,3.9733819167193674,-1.8523141503206455,-3.7558820960299344
applebaum_15,applebaum,American,P1,2.214563757711462,-1.7914456463504078,0.5827443471105842
applebaum_16,applebaum,American,P1,1.447611604661124,-0.7665000550205477,0.5824381443663805
applebaum_17,applebaum,American,P1,2.3584035701323143,-0.5821515864865121,1.7501137474702504
applebaum_18,applebaum,American,P1,1.5231994236906168,-0.4338785044115119,2.8034954203193854
applebaum_19,applebaum,American,P1,1.9440520279853772,-0.989227389297515,1.7201183131920845
applebaum_20,applebaum,American,P1,2.5180796769909484,-0.9124341197096437,1.2441959171643795
applebaum_21,applebaum,American,P1,2.9985824021909533,-2.4131383676349993,-0.6787578617882619
applebaum_22,applebaum,American,P1,2.68444795170655,-0.7087073073138245,1.304220081986317
applebaum_23,applebaum,American,P1,2.7498655315711225,-0.7350403007677755,-0.9157814735099584
applebaum_24,applebaum,American,P1,1.8755739152914581,-1.110290937074548,0.14179264390630453
applebaum_25,applebaum,American,P1,2.8234194213795782,-1.2229844534656733,0.4780249379057376
applebaum_26,applebaum,American,P1,2.392648158588967,-0.9980409463527777,1.2107369180737881
applebaum_27,applebaum,American,P1,2.088132372775445,-0.10817017427016438,3.409919515751178
nicolay_01,nicolay,American,,1.4327865797335253,-2.5402735452811274,-1.8763707909803709
nicolay_02,nicolay,American,P1,0.4210645534674935,-1.4662410140152204,0.6678176958614143
nicolay_03,nicolay,American,P1,-0.023285122068001263,-2.676579223779245,-1.3186889717927386
nicolay_04,nicolay,American,P1,1.3484444987735442,-1.8685633661759868,-0.6562975400613444
nicolay_05,nicolay,American,P1,1.1775884099617882,-3.0888366215661147,-0.5656986959104532
nicolay_06,nicolay,American,P1,1.3033946674682588,-2.052773383460286,-1.7966105381327395
nicolay_07,nicolay,American,P1,0.910677981893814,-2.2128647124255005,-0.6298619261436068
nicolay_08,nicolay,American,P1,1.2385237156854876,-1.554049753528498,-0.7836988300012134
nicolay_09,nicolay,American,P1,1.6076599757938663,-2.55235046373889,-1.626581738258025
nicolay_10,nicolay,American,P1,1.7190060016232653,-2.665181494454535,-1.6794940882912
nicolay_11,nicolay,American,P1,0.16112993965974648,-2.067023325854474,0.16970627419148923
nicolay_12,nicolay,American,P1,0.9483353382049405,-2.7298729173084797,-0.9307050888123735
nicolay_13,nicolay,American,P2,0.5258553925842322,-1.7079574773638628,-1.2684016670669989
miller_01,miller,American,P3,-0.06673148538905876,1.2982237959523817,0.48348268157583146
miller_02,miller,American,P1,1.5287699290277483,-1.8765105032599836,1.3467339937547744
miller_03,miller,American,P1,1.4292541244418737,-2.5331521329691418,1.7267917174937677
miller_04,miller,American,P1,1.5895054130096402,-0.8202281429929632,-0.9667246439890744
miller_05,miller,American,P1,1.769053073009781,-1.7139117486376756,0.6931628904600063
miller_06,miller,American,P2,1.1444843767179251,0.4016457722406431,-0.9623293789794377
miller_07,miller,American,P2,1.0950197228570806,1.2098466772389547,-0.8189742783780515
miller_08,miller,American,P2,2.582796019618218,0.5100503569717211,-1.0510896464948492
miller_09,miller,American,P2,1.3949918459126378,0.7674677047567915,-1.7415033089766645
miller_10,miller,American,P2,1.1685860848130596,1.015703801501498,1.415566592621809
miller_11,miller,American,P2,0.6100137244424285,0.8491628997355508,-0.14899203727595203
miller_12,miller,American,P2,0.19615995027633576,2.687180838494544,1.1792860918159904
miller_13,miller,American,P2,0.1353219602977982,1.810060531135465,-2.8629702023567285
miller_14,miller,American,P2,0.8705173392879543,2.401454749526342,0.6036165389907283
miller_15,miller,American,P2,0.8442273514062824,1.5852523309677071,2.0540054458398487
miller_16,miller,American,P2,0.9809212115547549,-0.07496419872230778,0.18243014974628857
miller_17,miller,American,P2,1.3414451466701347,0.4652048199537912,3.1823973941252466
miller_18,miller,American,P2,-0.31564630605022803,1.9417049278161973,0.6192994743481289
miller_19,miller,American,P2,1.009792440183622,2.3015682392104164,-0.0005901541173665086
miller_20,miller,American,P2,0.746041230836654,2.3789678229507176,2.0013853372365418
miller_21,miller,American,P2,1.4298640903936597,1.1921275005025749,-0.8974804632454343
miller_22,miller,American,P2,0.05778879736614991,3.7492211202987784,-0.5352860689992045
miller_23,miller,American,P2,1.5186880179600961,1.1299914419287334,0.4597548023853052
miller_24,miller,American,P2,0.35374360303669344,3.0067132124339397,0.3883647816857428
miller_25,miller,American,P2,1.158261035992002,4.417762075453704,-0.7418834155698041
miller_26,miller,American,P2,1.2459980141163924,0.9680433889422086,0.4506792403314368
miller_27,miller,American,P2,1.108236936210871,-0.8109760201520237,0.036529441906948415
miller_28,miller,American,P2,0.30271106560719974,0.25128119875175037,-1.272655308139045
miller_29,miller,American,P3,0.701250553599376,1.512986501329658,0.2905756085505811
miller_30,miller,American,P3,0.288585277176364,2.690024264803356,-0.09576568260449896
miller_31,miller,American,P3,0.7848687486884434,2.6841456378623114,-1.3507975846390323
miller_32,miller,American,P3,-0.06535006766650836,0.39875536008115364,-0.24579855788563315
miller_33,miller,American,P3,0.23373936527132322,0.09735221366680086,0.16654930075352273
miller_34,miller,American,P3,1.160378041973376,3.42535987717699,0.5309064735980173
miller_35,miller,American,P3,0.6311971295335266,2.528442987479102,0.24186497474211913
miller_36,miller,American,P3,1.347353033049321,3.2251496978958767,-2.0145543796513974
miller_37,miller,American,P2,0.8651251273474866,3.2808626658252633,-1.4026906718930268
miller_38,miller,American,P2,1.536333151731176,-1.4689226669230344,-1.9249470968908973
miller_39,miller,American,P3,0.48676332280119106,3.8612505302105515,-1.3801510387398754
miller_40,miller,American,P3,1.7294132139797382,1.9377500781308332,0.09817165353832658
miller_41,miller,American,P3,-0.2543894128742374,2.6103614189653723,-0.010954413558197425
miller_42,miller,American,P3,1.0276093495287644,3.268575970511013,1.5939474524293589
miller_43,miller,American,P3,0.4944125784646542,2.9576810392842843,-1.4964816941262942
miller_44,miller,American,P3,0.054865975332219444,3.4729988335720936,-1.916229201250976
brumme_01,brumme,German,,-1.5465158262501337,-1.1522034469079336,-0.4876072887393817
brumme_02,brumme,German,P2,-3.032566069847997,-0.4188796481352452,-2.1963464526013134
brumme_03,brumme,German,P2,-3.4846508069609725,-0.7664773766665393,-1.609219952172035
brumme_04,brumme,German,P2,-2.815744441159512,0.7855287050828924,-0.1577024872397032
brumme_05,brumme,German,P2,-4.052082958111093,-0.36518160268092215,-1.3112542314677393
brumme_06,brumme,German,P2,-3.2848105369185747,1.1424440430151284,-0.2367767579494946
brumme_07,brumme,German,P3,-3.493204200615116,-0.12731692653162388,1.085352855721756
brumme_08,brumme,German,P3,-4.376637630808775,-0.20427897739185802,-0.9997852568039802
brumme_09,brumme,German,P3,-4.126498595371109,1.8005940862019614,0.6194016475596492
brumme_10,brumme,German,P3,-3.5397461665966046,0.34439475891866067,-0.16486891775893234
brumme_11,brumme,German,P3,-3.470676379306912,2.013973473395707,-0.9044605724836401
brumme_12,brumme,German,P3,-2.58242492999558,1.7973525887399566,-1.390565890442373
brumme_13,brumme,German,P3,-3.570366632438094,0.6059836132438761,-0.25434707562998726
brumme_14,brumme,German,P3,-2.360496780877208,-0.4051687786630164,1.2632673839811763
brumme_15,brumme,German,P3,-3.984385537657615,0.7076936206157888,-1.2616698050613497
brumme_16,brumme,German,P3,-2.764307235222298,-1.0555196428813833,-0.22223217671563714
brumme_17,brumme,German,P3,-4.6624782416595645,0.5112327077406985,-0.08041891959178617
brumme_18,brumme,German,P3,-2.6747008057467374,-0.7686092203454796,-0.8927163598356632
brumme_19,brumme,German,P3,-4.0105431104711595,0.3689669876682676,-0.3405732549505451
orth_01,orth,German,P3,-4.2183464989463015,-1.3811566143358576,-0.5042581054576654
orth_02,orth,German,P3,-3.8540554654753523,-2.746959534391834,1.0187047539497989
orth_03,orth,German,P3,-3.0678923626521843,-1.5497934652826275,1.1033057698258395
orth_04,orth,German,P3,-3.5006737123358964,-0.7942793355550805,0.6478587890874729
orth_05,orth,German,P3,-3.420706397770208,-1.6247569166400055,-0.047758995843677765
orth_06,orth,German,P3,-3.4575328241011314,-1.447106572091223,0.514263879179683
orth_07,orth,German,P3,-3.075126749909248,-1.0678949288557478,1.896852906277777
orth_08,orth,German,P3,-4.045017172565407,-0.280813923440571,0.8979429654340647
orth_09,orth,German,P3,-2.8208411279972507,-1.9562537376673548,0.2642828303293786
orth_10,orth,German,P3,-3.9748683116645975,-0.5075709501689678,-0.21685959604793437
orth_11,orth,German,P3,-4.340221146401939,-1.8142083458243128,0.7002120184412873
orth_12,orth,German,P3,-4.007173536583452,-1.7221301981238655,0.8235477097746235
orth_13,orth,German,P3,-4.067935920713465,-0.23121849026401534,-0.0672756460142083
orth_14,orth,German,P3,-4.205560962485629,-0.7163916473523193,1.037115577035146
orth_15,orth,German,P3,-3.7726444443087765,-0.61360288957672,1.8012240085955427
