segment_id,unit_id,book,lang,context,period,period_written,ukraine,n_words,mean_sent_len,first_person_density,noun_ratio,verb_ratio,adj_ratio,past_tense_ratio,present_tense_ratio,mattr,yules_k,diary_marker_density,travel_marker_density,historical_marker_density,positive_ratio,negative_ratio,subjectivity,war_total_density,war_conflict_density,war_suffering_density
applebaum_01_s01,applebaum_01,applebaum,en,American,P1,P1,False,2166,27.075,0.0009233610341643582,0.18282548476454294,0.11680517082179132,0.07663896583564174,0.47398843930635837,0.028901734104046242,0.5432858880778589,147.8644618590212,0.0018467220683287165,0.006925207756232687,0.008771929824561403,0.01282051282051282,0.5769230769230769,0.008771929824561403,0.013850415512465374,0.01061865189289012,0.0018467220683287165
applebaum_01_s02,applebaum_01,applebaum,en,American,P1,P1,False,2193,30.887323943661972,0.017783857729138167,0.19151846785225718,0.11855905152758778,0.09028727770177838,0.38917525773195877,0.06701030927835051,0.5516302114803625,103.46753982355817,0.00364797081623347,0.013679890560875513,0.009575923392612859,0.07142857142857142,0.44285714285714284,0.012311901504787962,0.002279981760145919,0.0013679890560875513,0.0009119927040583675
applebaum_02_s01,applebaum_02,applebaum,en,American,P1,P1,False,2148,19.88888888888889,0.020484171322160148,0.21089385474860337,0.12476722532588454,0.08193668528864059,0.4842105263157895,0.04473684210526316,0.5902933499067744,90.44338185785423,0.0013966480446927375,0.0111731843575419,0.004655493482309125,0.09433962264150944,0.39622641509433965,0.0111731843575419,0.00558659217877095,0.002793296089385475,0.000931098696461825
applebaum_03_s01,applebaum_03,applebaum,en,American,P1,P1,False,2556,22.42105263157895,0.008998435054773083,0.17996870109546165,0.12323943661971831,0.08450704225352113,0.4672686230248307,0.05191873589164785,0.5499121854958066,135.03271440204767,0.003912363067292645,0.008998435054773083,0.007042253521126761,0.15178571428571427,0.5267857142857143,0.011737089201877934,0.010954616588419406,0.003129890453834116,0.003912363067292645
applebaum_04_s01,applebaum_04,applebaum,en,American,P1,P1,False,2110,18.347826086956523,0.02132701421800948,0.2023696682464455,0.12417061611374408,0.0867298578199052,0.5111731843575419,0.05865921787709497,0.5837057324840764,98.52453804358618,0.0018957345971563982,0.01042654028436019,0.008530805687203791,0.08411214953271028,0.4392523364485981,0.009478672985781991,0.006635071090047393,0.0018957345971563982,0.0018957345971563982
applebaum_04_s02,applebaum_04,applebaum,en,American,P1,P1,False,2032,15.393939393939394,0.0265748031496063,0.1781496062992126,0.14173228346456693,0.07283464566929133,0.48104265402843605,0.08293838862559241,0.5195518836748182,110.08501673853499,0.0024606299212598425,0.010826771653543307,0.0014763779527559055,0.06299212598425197,0.30708661417322836,0.01673228346456693,0.006889763779527559,0.0034448818897637795,0.0
applebaum_04_s03,applebaum_04,applebaum,en,American,P1,P1,False,2923,16.51412429378531,0.020868970236058843,0.17242559014710915,0.1501881628463907,0.06568593910366062,0.4887459807073955,0.11414790996784566,0.5290945775535939,101.66507221397764,0.0020526855969893944,0.016421484775915155,0.00752651385562778,0.07017543859649122,0.3508771929824561,0.013684570646595963,0.007184399589462881,0.00376325692781389,0.0010263427984946972
applebaum_05_s01,applebaum_05,applebaum,en,American,P1,P1,False,2059,27.453333333333333,0.003399708596406022,0.19475473530840215,0.10684798445847499,0.09664885866925692,0.5559440559440559,0.03496503496503497,0.5476794195250659,164.02539268144008,0.0009713453132588635,0.005828071879553181,0.010684798445847498,0.0945945945945946,0.43243243243243246,0.009227780475959204,0.0048567265662943174,0.0009713453132588635,0.00048567265662943174
applebaum_05_s02,applebaum_05,applebaum,en,American,P1,P1,False,1923,20.677419354838708,0.005720228809152366,0.18252730109204368,0.12480499219968799,0.08684347373894956,0.4676056338028169,0.04225352112676056,0.5224034212401996,128.6486857046819,0.0031201248049922,0.0109204368174727,0.008840353614144566,0.03260869565217391,0.5978260869565217,0.011960478419136765,0.011440457618304731,0.005720228809152366,0.0020800832033281333
applebaum_06_s01,applebaum_06,applebaum,en,American,P1,P1,False,2026,17.617391304347827,0.034550839091806514,0.18361303060217177,0.14313919052319843,0.08292201382033564,0.3399014778325123,0.22660098522167488,0.526070619586942,96.74,0.0034550839091806516,0.011846001974333662,0.003948667324777887,0.08035714285714286,0.44642857142857145,0.009871668311944718,0.003948667324777887,0.0024679170779861796,0.0009871668311944718
applebaum_06_s02,applebaum_06,applebaum,en,American,P1,P1,False,2516,17.1156462585034,0.013116057233704292,0.18640699523052465,0.1422893481717011,0.07352941176470588,0.4194831013916501,0.09542743538767395,0.5236307847082495,96.76049272057077,0.0027821939586645467,0.011526232114467409,0.007154213036565978,0.09027777777777778,0.4166666666666667,0.015500794912559618,0.006359300476947536,0.003179650238473768,0.0011923688394276629
applebaum_07_s01,applebaum_07,applebaum,en,American,P1,P1,False,2013,20.75257731958763,0.015399900645802286,0.23596621957277694,0.12617983109786388,0.08097367113760556,0.49859943977591037,0.06722689075630252,0.5424754208754209,100.9537997528616,0.001987083954297069,0.013909587680079483,0.004470938897168405,0.05263157894736842,0.3157894736842105,0.011425732737208148,0.004967709885742673,0.0024838549428713363,0.0014903129657228018
applebaum_07_s02,applebaum_07,applebaum,en,American,P1,P1,False,1378,18.62162162162162,0.041364296081277216,0.17198838896952104,0.13062409288824384,0.059506531204644414,0.48507462686567165,0.10074626865671642,0.5081198156682027,110.89057622750495,0.0021770682148040637,0.008708272859216255,0.005805515239477504,0.136986301369863,0.3424657534246575,0.012336719883889695,0.001451378809869376,0.001451378809869376,0.0
applebaum_08_s01,applebaum_08,applebaum,en,American,P1,P1,False,2076,19.96153846153846,0.012042389210019268,0.18786127167630057,0.14499036608863197,0.0626204238921002,0.5544303797468354,0.04810126582278481,0.5177311688311689,141.71906768480545,0.002890173410404624,0.012524084778420038,0.008188824662813102,0.13725490196078433,0.5,0.015414258188824663,0.014450867052023121,0.0072254335260115606,0.0
applebaum_08_s02,applebaum_08,applebaum,en,American,P1,P1,False,1060,21.2,0.007547169811320755,0.17264150943396225,0.1339622641509434,0.04716981132075472,0.5555555555555556,0.057971014492753624,0.529497247706422,114.99757783943278,0.005660377358490566,0.013207547169811321,0.005660377358490566,0.16,0.44,0.009433962264150943,0.007547169811320755,0.0037735849056603774,0.0009433962264150943
applebaum_09_s01,applebaum_09,applebaum,en,American,P1,P1,False,1703,15.768518518518519,0.02759835584263065,0.17439812096300647,0.1479741632413388,0.06928948913681739,0.45989304812834225,0.09358288770053476,0.4892714893617021,92.08943016319591,0.004110393423370522,0.01996476805637111,0.004697592483852026,0.05660377358490566,0.36792452830188677,0.015854374633000587,0.008220786846741044,0.002348796241926013,0.002935995302407516
applebaum_10_s01,applebaum_10,applebaum,en,American,P1,P1,False,1170,16.027397260273972,0.018803418803418803,0.152991452991453,0.13247863247863248,0.06666666666666667,0.5366795366795367,0.03861003861003861,0.43480243161094223,125.76859206558254,0.0008547008547008547,0.011111111111111112,0.003418803418803419,0.0410958904109589,0.4931506849315068,0.018803418803418803,0.011111111111111112,0.005128205128205128,0.002564102564102564
applebaum_11_s01,applebaum_11,applebaum,en,American,P1,P1,False,1999,17.848214285714285,0.03701850925462731,0.15907953976988495,0.14957478739369684,0.05552776388194097,0.513126491646778,0.08353221957040573,0.48517302452316075,102.98548314603256,0.0015007503751875938,0.016008004002001,0.00400200100050025,0.11818181818181818,0.36363636363636365,0.008504252126063032,0.0065032516258129065,0.0025012506253126563,0.0015007503751875938
applebaum_12_s01,applebaum_12,applebaum,en,American,P1,P1,False,2048,19.14018691588785,0.0263671875,0.173828125,0.1494140625,0.07177734375,0.44786729857819907,0.13270142180094788,0.5224582781456953,84.13607160014875,0.0009765625,0.01171875,0.00537109375,0.11538461538461539,0.23076923076923078,0.0146484375,0.001953125,0.0,0.001953125
applebaum_12_s02,applebaum_12,applebaum,en,American,P1,P1,False,2099,26.2375,0.005240590757503573,0.1867555979037637,0.11481657932348738,0.08766079085278704,0.3504531722054381,0.20241691842900303,0.5640256245996156,98.8971627863135,0.004287756074321105,0.00857551214864221,0.009051929490233444,0.13924050632911392,0.3037974683544304,0.01333968556455455,0.006193425440686041,0.0019056693663649356,0.0023820867079561697
applebaum_12_s03,applebaum_12,applebaum,en,American,P1,P1,False,2772,19.52112676056338,0.016233766233766232,0.1810966810966811,0.1341991341991342,0.07034632034632035,0.491395793499044,0.09369024856596558,0.5403612612612613,94.76581845893682,0.003246753246753247,0.01479076479076479,0.005772005772005772,0.08633093525179857,0.39568345323741005,0.015512265512265512,0.003246753246753247,0.0007215007215007215,0.0018037518037518038
applebaum_13_s01,applebaum_13,applebaum,en,American,P1,P1,False,2029,14.090277777777779,0.03844258255298177,0.16904879250862495,0.13750616067028093,0.07540660423854115,0.38848920863309355,0.20623501199040767,0.4653702468312208,89.38868798728659,0.0034499753573188764,0.011335633316904879,0.0024642681123706258,0.12318840579710146,0.21739130434782608,0.018235584031542632,0.0049285362247412515,0.0034499753573188764,0.0004928536224741252
applebaum_13_s02,applebaum_13,applebaum,en,American,P1,P1,False,1642,14.530973451327434,0.029232643118148598,0.1735688185140073,0.15164433617539586,0.0712545676004872,0.4957983193277311,0.11484593837535013,0.5234641577060932,90.62868425845163,0.0030450669914738123,0.013398294762484775,0.0036540803897685747,0.1308411214953271,0.4766355140186916,0.013398294762484775,0.0060901339829476245,0.0018270401948842874,0.0030450669914738123
applebaum_14_s01,applebaum_14,applebaum,en,American,P1,P1,False,2032,26.736842105263158,0.003937007874015748,0.17125984251968504,0.10580708661417323,0.08956692913385826,0.42524916943521596,0.11960132890365449,0.5429550858652576,132.27483848773335,0.002952755905511811,0.001968503937007874,0.010826771653543307,0.15789473684210525,0.40789473684210525,0.012795275590551181,0.004921259842519685,0.0024606299212598425,0.0014763779527559055
applebaum_14_s02,applebaum_14,applebaum,en,American,P1,P1,False,2028,27.78082191780822,0.009368836291913214,0.17455621301775148,0.10552268244575937,0.10108481262327416,0.38762214983713356,0.16938110749185667,0.5394418604651163,118.47064354325282,0.0014792899408284023,0.0034516765285996054,0.013313609467455622,0.04225352112676056,0.676056338028169,0.01232741617357002,0.0034516765285996054,0.0019723865877712033,0.0014792899408284023
applebaum_14_s03,applebaum_14,applebaum,en,American,P1,P1,False,2829,28.867346938775512,0.002474372569812655,0.1664899257688229,0.11063980205019441,0.09932838458819371,0.44642857142857145,0.08531746031746032,0.5215908691834943,126.12217052751724,0.0021208907741251328,0.003181336161187699,0.007423117709437964,0.06382978723404255,0.6170212765957447,0.012018381053375752,0.006362672322375398,0.0021208907741251328,0.0017674089784376105
applebaum_15_s01,applebaum_15,applebaum,en,American,P1,P1,False,2061,21.46875,0.022804463852498787,0.20863658418243572,0.11402231926249394,0.09412906356137797,0.4447592067988669,0.0708215297450425,0.5281512385919166,126.1574575335784,0.002911208151382824,0.010189228529839884,0.004366812227074236,0.08695652173913043,0.3695652173913043,0.011644832605531296,0.0024260067928190197,0.0009704027171276079,0.0009704027171276079
applebaum_15_s02,applebaum_15,applebaum,en,American,P1,P1,False,2111,15.992424242424242,0.020843202273803884,0.16011369019422075,0.1369019422074846,0.06821411653244908,0.4253393665158371,0.13122171945701358,0.48690563647878404,100.6464904341833,0.0033159639981051635,0.010421601136901942,0.005210800568450971,0.10236220472440945,0.29133858267716534,0.008526764566556135,0.0014211274277593558,0.0009474182851729038,0.0
applebaum_16_s01,applebaum_16,applebaum,en,American,P1,P1,False,2036,22.622222222222224,0.018172888015717092,0.20530451866404714,0.12475442043222004,0.07023575638506876,0.5510204081632653,0.04956268221574344,0.5369682959048877,129.98964258400872,0.0009823182711198428,0.010805500982318271,0.003929273084479371,0.15730337078651685,0.3707865168539326,0.008349705304518664,0.018664047151277015,0.007858546168958742,0.0029469548133595285
applebaum_16_s02,applebaum_16,applebaum,en,American,P1,P1,False,1946,17.69090909090909,0.03648509763617677,0.17420349434737925,0.14388489208633093,0.07399794450154162,0.3870967741935484,0.141439205955335,0.5352212014134275,86.77194603040458,0.003083247687564234,0.006166495375128468,0.001541623843782117,0.12149532710280374,0.29906542056074764,0.012846865364850977,0.001541623843782117,0.001541623843782117,0.0
applebaum_17_s01,applebaum_17,applebaum,en,American,P1,P1,False,1802,15.946902654867257,0.031631520532741396,0.17480577136514983,0.13485016648168702,0.06104328523862375,0.5821325648414986,0.06340057636887608,0.5104694835680751,99.91991079665165,0.003329633740288568,0.01220865704772475,0.00776914539400666,0.06306306306306306,0.3063063063063063,0.013318534961154272,0.004994450610432853,0.00388457269700333,0.0005549389567147614
applebaum_18_s01,applebaum_18,applebaum,en,American,P1,P1,False,1416,19.397260273972602,0.0614406779661017,0.13347457627118645,0.1271186440677966,0.08121468926553672,0.2392857142857143,0.3357142857142857,0.43848552338530067,91.3707612539192,0.0035310734463276836,0.01059322033898305,0.002824858757062147,0.041666666666666664,0.4722222222222222,0.01059322033898305,0.00211864406779661,0.0014124293785310734,0.0007062146892655367
applebaum_19_s01,applebaum_19,applebaum,en,American,P1,P1,True,2109,22.677419354838708,0.016121384542437174,0.20151730678046467,0.11569464201043149,0.09625414888572784,0.4644808743169399,0.07377049180327869,0.565057924888606,123.09272095031389,0.002370791844476055,0.013276434329065908,0.00474158368895211,0.11827956989247312,0.2903225806451613,0.008534850640113799,0.003793266951161688,0.002370791844476055,0.000474158368895211
applebaum_19_s02,applebaum_19,applebaum,en,American,P1,P1,True,2035,13.75,0.03194103194103194,0.18181818181818182,0.1651105651105651,0.06584766584766585,0.4157782515991471,0.13432835820895522,0.49948468708388816,91.21376343312602,0.0014742014742014742,0.016707616707616706,0.0014742014742014742,0.0661764705882353,0.36764705882352944,0.011793611793611793,0.0019656019656019656,0.0,0.0
applebaum_19_s03,applebaum_19,applebaum,en,American,P1,P1,True,2934,14.96938775510204,0.027266530334014997,0.18473074301295161,0.14042263122017723,0.06850715746421268,0.4511784511784512,0.1111111111111111,0.5291500630517024,85.57405850426011,0.0023858214042263124,0.012610770279481936,0.0013633265167007499,0.07103825136612021,0.4426229508196721,0.013633265167007498,0.0017041581458759373,0.0010224948875255625,0.0
applebaum_20_s01,applebaum_20,applebaum,en,American,P1,P1,True,1852,16.535714285714285,0.01079913606911447,0.19168466522678185,0.13444924406047515,0.07127429805615551,0.5710306406685237,0.04735376044568245,0.5183915662650602,105.56246103497108,0.0026997840172786176,0.017278617710583154,0.004859611231101512,0.1,0.32727272727272727,0.007019438444924406,0.004859611231101512,0.0026997840172786176,0.0016198704103671706
applebaum_21_s01,applebaum_21,applebaum,en,American,P1,P1,True,2367,24.65625,0.011406844106463879,0.22855935783692438,0.11956062526404732,0.08111533586818757,0.4575,0.0475,0.5485119565217391,133.3523185584292,0.0021123785382340513,0.01351922264469793,0.002957329953527672,0.08333333333333333,0.3333333333333333,0.01436417405999155,0.0021123785382340513,0.0008449514152936206,0.0
applebaum_22_s01,applebaum_22,applebaum,en,American,P1,P1,True,2036,16.419354838709676,0.013261296660117878,0.18762278978389,0.13359528487229863,0.07662082514734773,0.5801526717557252,0.04071246819338423,0.5034234828496043,115.00840470663572,0.0019646365422396855,0.018664047151277015,0.003929273084479371,0.07377049180327869,0.28688524590163933,0.012770137524557957,0.007858546168958742,0.0029469548133595285,0.0
applebaum_22_s02,applebaum_22,applebaum,en,American,P1,P1,True,2304,15.463087248322148,0.021701388888888888,0.1796875,0.14366319444444445,0.078125,0.5727699530516432,0.056338028169014086,0.5529757746478873,95.3766682214688,0.003472222222222222,0.01171875,0.005642361111111111,0.055944055944055944,0.3706293706293706,0.006510416666666667,0.004774305555555556,0.001736111111111111,0.0008680555555555555
applebaum_23_s01,applebaum_23,applebaum,en,American,P1,P1,True,2907,18.16875,0.013071895424836602,0.19091847265221878,0.1283109735122119,0.07636738906088751,0.5203703703703704,0.07222222222222222,0.540767659574468,115.04778791546079,0.0006879944960440316,0.009287925696594427,0.004815961472308222,0.04430379746835443,0.5,0.007567939456484348,0.003783969728242174,0.0013759889920880633,0.0010319917440660474
applebaum_24_s01,applebaum_24,applebaum,en,American,P1,P1,True,2024,19.650485436893202,0.010869565217391304,0.20355731225296442,0.1225296442687747,0.08053359683794467,0.41899441340782123,0.11173184357541899,0.5468806366047745,137.89802457715882,0.0024703557312252965,0.008399209486166008,0.011363636363636364,0.16161616161616163,0.41414141414141414,0.010869565217391304,0.007411067193675889,0.0029644268774703555,0.0014822134387351778
applebaum_24_s02,applebaum_24,applebaum,en,American,P1,P1,True,1060,11.648351648351648,0.03773584905660377,0.1669811320754717,0.14528301886792452,0.05,0.2669683257918552,0.2398190045248869,0.49126258992805755,98.5781990521327,0.0009433962264150943,0.016037735849056604,0.0037735849056603774,0.034482758620689655,0.39080459770114945,0.014150943396226415,0.005660377358490566,0.0009433962264150943,0.0047169811320754715
applebaum_25_s01,applebaum_25,applebaum,en,American,P1,P1,False,2026,21.326315789473686,0.012833168805528134,0.17966436327739388,0.10710760118460019,0.08933859822309971,0.4820359281437126,0.07784431137724551,0.5346738111185533,104.91766261834486,0.0024679170779861796,0.012339585389930898,0.007403751233958539,0.12631578947368421,0.5052631578947369,0.017275419545903257,0.0034550839091806516,0.0009871668311944718,0.0014807502467917078
applebaum_25_s02,applebaum_25,applebaum,en,American,P1,P1,False,2399,15.280254777070065,0.021675698207586493,0.18049187161317215,0.13172155064610255,0.07711546477699041,0.565121412803532,0.052980132450331126,0.5340277185501066,95.24831024930748,0.0020842017507294707,0.013755731554814505,0.004585243851604835,0.07894736842105263,0.3881578947368421,0.013755731554814505,0.0070862859524802,0.0020842017507294707,0.0008336807002917883
applebaum_26_s01,applebaum_26,applebaum,en,American,P1,P1,True,2071,20.106796116504853,0.014002897151134718,0.2081120231772091,0.12409464027040078,0.09319169483341382,0.5497076023391813,0.038011695906432746,0.5715168831168831,105.05779766355961,0.0009657170449058426,0.014002897151134718,0.0043457267020762915,0.09900990099009901,0.26732673267326734,0.01545147271849348,0.003380009657170449,0.0,0.0009657170449058426
applebaum_26_s02,applebaum_26,applebaum,en,American,P1,P1,True,1802,15.53448275862069,0.026082130965593784,0.17591564927857936,0.1537180910099889,0.07269700332963375,0.39690721649484534,0.12371134020618557,0.5298348909657321,86.7921596407021,0.003329633740288568,0.011653718091009988,0.0022197558268590455,0.07142857142857142,0.42857142857142855,0.018867924528301886,0.005549389567147614,0.0011098779134295228,0.003329633740288568
applebaum_27_s01,applebaum_27,applebaum,en,American,P1,P1,False,2028,12.441717791411042,0.028599605522682446,0.19773175542406313,0.15927021696252466,0.08284023668639054,0.5514018691588785,0.0514018691588785,0.5258833664678595,83.40641418390184,0.0,0.020710059171597635,0.0009861932938856016,0.05806451612903226,0.4258064516129032,0.010848126232741617,0.0004930966469428008,0.0,0.0004930966469428008
applebaum_27_s02,applebaum_27,applebaum,en,American,P1,P1,False,1416,10.80916030534351,0.03672316384180791,0.1405367231638418,0.14901129943502825,0.0635593220338983,0.41423948220064727,0.20064724919093851,0.4916800894854586,81.84703643332033,0.0014124293785310734,0.006355932203389831,0.0007062146892655367,0.11016949152542373,0.3983050847457627,0.01059322033898305,0.00211864406779661,0.0007062146892655367,0.0007062146892655367
nicolay_01_s01,nicolay_01,nicolay,en,American,,P2,False,1826,35.11538461538461,0.039978094194961664,0.20372398685651696,0.10405257393209201,0.09200438116100766,0.28063241106719367,0.2015810276679842,0.5971575663026522,97.9709397435845,0.0016429353778751369,0.011500547645125958,0.002738225629791895,0.019230769230769232,0.38461538461538464,0.009309967141292442,0.004928806133625411,0.0032858707557502738,0.001095290251916758
nicolay_02_s01,nicolay_02,nicolay,en,American,P1,P2,True,2090,22.23404255319149,0.05502392344497608,0.23014354066985646,0.12631578947368421,0.07272727272727272,0.2994652406417112,0.18181818181818182,0.573828276307295,78.19175720214844,0.0014354066985645933,0.013875598086124402,0.004784688995215311,0.07526881720430108,0.46236559139784944,0.014832535885167464,0.004784688995215311,0.0019138755980861245,0.0009569377990430622
nicolay_02_s02,nicolay_02,nicolay,en,American,P1,P2,True,2112,19.376146788990827,0.03409090909090909,0.21543560606060605,0.12452651515151515,0.08285984848484848,0.38320209973753283,0.14435695538057744,0.6023035019455253,89.77643751405833,0.0023674242424242425,0.008996212121212122,0.0014204545454545455,0.08490566037735849,0.42452830188679247,0.008049242424242424,0.0004734848484848485,0.0,0.0004734848484848485
nicolay_02_s03,nicolay_02,nicolay,en,American,P1,P2,True,2706,17.126582278481013,0.031042128603104215,0.21138211382113822,0.13303769401330376,0.06947524020694752,0.45569620253164556,0.12869198312236288,0.5819859287054409,99.29847052098326,0.005543237250554324,0.016999260901699925,0.0018477457501847746,0.06666666666666667,0.35333333333333333,0.007021433850702144,0.0040650406504065045,0.0011086474501108647,0.0011086474501108647
nicolay_03_s01,nicolay_03,nicolay,en,American,P1,P2,False,2049,23.28409090909091,0.015617374328940947,0.21376281112737922,0.10346510492923378,0.07808687164470474,0.32371794871794873,0.25,0.6140188045668233,93.59982834633556,0.002440214738897023,0.002440214738897023,0.005856515373352855,0.047058823529411764,0.43529411764705883,0.007320644216691069,0.005368472425573451,0.002440214738897023,0.0019521717911176184
nicolay_03_s02,nicolay_03,nicolay,en,American,P1,P2,False,2145,16.627906976744185,0.0386946386946387,0.21072261072261073,0.12214452214452215,0.06666666666666667,0.08174386920980926,0.4250681198910082,0.5717694784288474,102.7524138481356,0.002797202797202797,0.007459207459207459,0.004195804195804196,0.08064516129032258,0.25,0.006993006993006993,0.0009324009324009324,0.0,0.0004662004662004662
nicolay_03_s03,nicolay_03,nicolay,en,American,P1,P2,False,2197,20.155963302752294,0.021847974510696404,0.23031406463359125,0.11834319526627218,0.08693673190714611,0.352112676056338,0.14929577464788732,0.6023636363636363,103.62225651577504,0.0013654984069185253,0.011834319526627219,0.0013654984069185253,0.056074766355140186,0.3925233644859813,0.009558488848429678,0.0018206645425580337,0.0004551661356395084,0.0
nicolay_03_s04,nicolay_03,nicolay,en,American,P1,P2,False,1269,24.88235294117647,0.026792750197005517,0.23877068557919623,0.1024428684003152,0.09456264775413711,0.4673913043478261,0.07608695652173914,0.6055401069518717,115.24049056950795,0.0007880220646178094,0.007880220646178092,0.002364066193853428,0.14583333333333334,0.2916666666666667,0.01024428684003152,0.0031520882584712374,0.0015760441292356187,0.0015760441292356187
nicolay_04_s01,nicolay_04,nicolay,en,American,P1,P2,False,2676,18.328767123287673,0.02466367713004484,0.21973094170403587,0.12518684603886399,0.08295964125560538,0.4703196347031963,0.08904109589041095,0.5884281030444964,131.88898863008066,0.0018684603886397607,0.007847533632286996,0.0018684603886397607,0.07246376811594203,0.2971014492753623,0.007100149476831091,0.0018684603886397607,0.0003736920777279522,0.0014947683109118087
nicolay_05_s01,nicolay_05,nicolay,en,American,P1,P2,False,2127,24.448275862068964,0.03008932769158439,0.22378937470615892,0.1076633756464504,0.09402914903620123,0.41887905604719766,0.10914454277286136,0.6032763568309419,108.79041391416447,0.0004701457451810061,0.011753643629525154,0.0014104372355430183,0.15294117647058825,0.3058823529411765,0.013164080865068171,0.0023507287259050304,0.0004701457451810061,0.0
nicolay_05_s02,nicolay_05,nicolay,en,American,P1,P2,False,2132,20.699029126213592,0.020637898686679174,0.2270168855534709,0.12288930581613508,0.08161350844277673,0.37222222222222223,0.14722222222222223,0.5871730648206419,102.05645102097738,0.0014071294559099437,0.017354596622889306,0.0023452157598499064,0.12244897959183673,0.32653061224489793,0.009849906191369606,0.003283302063789869,0.0,0.0014071294559099437
nicolay_05_s03,nicolay_05,nicolay,en,American,P1,P2,False,1476,24.19672131147541,0.022357723577235773,0.23780487804878048,0.09688346883468835,0.08875338753387534,0.3910891089108911,0.16831683168316833,0.5878210197710718,133.77744417339088,0.0020325203252032522,0.007452574525745257,0.0006775067750677507,0.08771929824561403,0.3508771929824561,0.006775067750677507,0.0020325203252032522,0.0,0.0006775067750677507
nicolay_06_s01,nicolay_06,nicolay,en,American,P1,P2,False,2060,20.19607843137255,0.01650485436893204,0.20631067961165048,0.11699029126213592,0.09757281553398059,0.3498542274052478,0.19533527696793002,0.596030443414957,91.71060122274201,0.000970873786407767,0.010194174757281554,0.0033980582524271844,0.08,0.44,0.012135922330097087,0.0033980582524271844,0.000970873786407767,0.0
nicolay_06_s02,nicolay_06,nicolay,en,American,P1,P2,False,2185,22.29591836734694,0.012814645308924484,0.20869565217391303,0.11167048054919909,0.09931350114416476,0.4041916167664671,0.12275449101796407,0.6275384615384615,82.96081004936583,0.0018306636155606408,0.005034324942791762,0.002288329519450801,0.010638297872340425,0.6276595744680851,0.005491990846681922,0.005491990846681922,0.0036613272311212816,0.0009153318077803204
nicolay_06_s03,nicolay_06,nicolay,en,American,P1,P2,False,2112,21.551020408163264,0.007102272727272727,0.21259469696969696,0.10606060606060606,0.09327651515151515,0.41254125412541254,0.1617161716171617,0.5849294871794872,97.64874521197288,0.002840909090909091,0.005681818181818182,0.0023674242424242425,0.07608695652173914,0.5760869565217391,0.004734848484848485,0.0033143939393939395,0.0,0.0004734848484848485
nicolay_06_s04,nicolay_06,nicolay,en,American,P1,P2,False,2046,23.790697674418606,0.0039100684261974585,0.21994134897360704,0.10654936461388075,0.10557184750733138,0.367601246105919,0.1277258566978193,0.5972704149933066,90.58297115670024,0.001466275659824047,0.00635386119257087,0.003421309872922776,0.03571428571428571,0.6785714285714286,0.01270772238514174,0.005376344086021506,0.001466275659824047,0.0009775171065493646
nicolay_06_s05,nicolay_06,nicolay,en,American,P1,P2,False,2074,20.534653465346533,0.016875602700096432,0.21456123432979748,0.11378977820636452,0.0935390549662488,0.44272445820433437,0.11145510835913312,0.5866806282722513,107.64399404292665,0.0024108003857280617,0.010125361620057859,0.0024108003857280617,0.17894736842105263,0.43157894736842106,0.012054001928640309,0.003857280617164899,0.0019286403085824494,0.00048216007714561236
nicolay_06_s06,nicolay_06,nicolay,en,American,P1,P2,False,2116,19.77570093457944,0.0222117202268431,0.22495274102079396,0.11294896030245746,0.0940453686200378,0.41033434650455924,0.1702127659574468,0.6019822222222222,91.92193563325705,0.001890359168241966,0.014177693761814745,0.001890359168241966,0.125,0.4230769230769231,0.008979206049149339,0.0014177693761814746,0.000945179584120983,0.0
nicolay_06_s07,nicolay_06,nicolay,en,American,P1,P2,False,2733,18.848275862068967,0.028905964141968533,0.2305159165751921,0.12294182217343579,0.0783022319795097,0.4551569506726457,0.14349775784753363,0.5862534184138559,116.91269839190574,0.0007317965605561653,0.014270032930845226,0.0007317965605561653,0.10416666666666667,0.375,0.005854372484449323,0.0010976948408342481,0.0,0.0007317965605561653
nicolay_07_s01,nicolay_07,nicolay,en,American,P1,P2,False,2133,24.238636363636363,0.02109704641350211,0.2301922175339897,0.10642287857477731,0.10829817158931083,0.36585365853658536,0.14939024390243902,0.6119300437226733,98.421768707483,0.0014064697609001407,0.014533520862634786,0.0009376465072667605,0.08045977011494253,0.42528735632183906,0.010314111579934365,0.0028129395218002813,0.00046882325363338024,0.0014064697609001407
nicolay_07_s02,nicolay_07,nicolay,en,American,P1,P2,False,2039,20.39,0.029426189308484552,0.22511034820990683,0.11574301128003923,0.09318293281020108,0.3813813813813814,0.2042042042042042,0.5668685258964143,119.96940317535339,0.0014713094654242277,0.011770475723393821,0.0034330554193231977,0.07142857142857142,0.37755102040816324,0.005394801373222168,0.00196174595389897,0.0,0.00196174595389897
nicolay_07_s03,nicolay_07,nicolay,en,American,P1,P2,False,2192,19.06086956521739,0.02144160583941606,0.24224452554744524,0.12043795620437957,0.08576642335766424,0.4269005847953216,0.12573099415204678,0.5925237237237237,109.009467645662,0.0009124087591240876,0.008211678832116789,0.0018248175182481751,0.06140350877192982,0.2631578947368421,0.006386861313868613,0.002737226277372263,0.0004562043795620438,0.0018248175182481751
nicolay_07_s04,nicolay_07,nicolay,en,American,P1,P2,False,2392,16.272108843537413,0.030100334448160536,0.22198996655518394,0.13377926421404682,0.08110367892976589,0.39101123595505616,0.1393258426966292,0.5876976241900648,91.74625637822832,0.002508361204013378,0.013377926421404682,0.0020903010033444815,0.07857142857142857,0.35714285714285715,0.008779264214046822,0.0020903010033444815,0.0008361204013377926,0.0008361204013377926
nicolay_08_s01,nicolay_08,nicolay,en,American,P1,P2,False,2082,17.065573770491802,0.069164265129683,0.1829971181556196,0.14073006724303555,0.059077809798270896,0.4628297362110312,0.08393285371702638,0.5412390307793058,105.41635929364462,0.0033621517771373678,0.018731988472622477,0.0009606147934678194,0.09090909090909091,0.4049586776859504,0.012007684918347743,0.0004803073967339097,0.0,0.0004803073967339097
nicolay_08_s02,nicolay_08,nicolay,en,American,P1,P2,False,2073,21.59375,0.013989387361312108,0.21659430776652194,0.09937288953207911,0.10516160154365653,0.41216216216216217,0.13513513513513514,0.6184065146579805,104.2455251868675,0.001929570670525808,0.012542209358417752,0.006753497346840328,0.043010752688172046,0.40860215053763443,0.008200675349734683,0.00241196333815726,0.001447178002894356,0.000964785335262904
nicolay_08_s03,nicolay_08,nicolay,en,American,P1,P2,False,2148,23.347826086956523,0.029329608938547486,0.2099627560521415,0.11638733705772812,0.10102420856610801,0.4349112426035503,0.13313609467455623,0.5826591052299936,112.34095908531422,0.0032588454376163874,0.007914338919925512,0.005121042830540037,0.05555555555555555,0.5333333333333333,0.006983240223463687,0.006052141527001862,0.0023277467411545625,0.0023277467411545625
nicolay_08_s04,nicolay_08,nicolay,en,American,P1,P2,False,2191,20.287037037037038,0.015061615700593337,0.21588315837517116,0.11364673664993154,0.09904153354632587,0.3713450292397661,0.1608187134502924,0.5998628291488058,97.58385576351073,0.0027384755819260614,0.009128251939753538,0.005476951163852123,0.09803921568627451,0.45098039215686275,0.004107713372889092,0.006389776357827476,0.004107713372889092,0.0013692377909630307
nicolay_08_s05,nicolay_08,nicolay,en,American,P1,P2,False,2124,19.135135135135137,0.0211864406779661,0.21610169491525424,0.11346516007532957,0.07862523540489642,0.3848314606741573,0.1853932584269663,0.5685579617834395,117.33427771370557,0.0009416195856873823,0.009416195856873822,0.00423728813559322,0.07476635514018691,0.32710280373831774,0.00847457627118644,0.007532956685499058,0.002824858757062147,0.003295668549905838
nicolay_08_s06,nicolay_08,nicolay,en,American,P1,P2,False,2800,17.94871794871795,0.024642857142857143,0.19857142857142857,0.12178571428571429,0.085,0.4164989939637827,0.17303822937625754,0.5888487018800358,104.95510349110873,0.0010714285714285715,0.0125,0.005,0.09333333333333334,0.4666666666666667,0.009642857142857142,0.008928571428571428,0.003928571428571429,0.0014285714285714286
nicolay_09_s01,nicolay_09,nicolay,en,American,P1,P2,False,2085,24.24418604651163,0.022541966426858514,0.2052757793764988,0.10359712230215827,0.09928057553956834,0.3281733746130031,0.20123839009287925,0.5830976082740789,107.79921053310515,0.002398081534772182,0.009592326139088728,0.005275779376498801,0.08333333333333333,0.44047619047619047,0.011031175059952039,0.0028776978417266188,0.0019184652278177458,0.0009592326139088729
nicolay_09_s02,nicolay_09,nicolay,en,American,P1,P2,False,1460,24.333333333333332,0.031506849315068496,0.2184931506849315,0.11232876712328767,0.1,0.40086206896551724,0.14224137931034483,0.5973262711864407,89.44175264341584,0.003424657534246575,0.012328767123287671,0.004794520547945206,0.03389830508474576,0.3728813559322034,0.013013698630136987,0.002054794520547945,0.0013698630136986301,0.0006849315068493151
nicolay_10_s01,nicolay_10,nicolay,en,American,P1,P2,False,2235,23.04123711340206,0.014317673378076063,0.2152125279642058,0.11543624161073826,0.1145413870246085,0.37209302325581395,0.13953488372093023,0.6138339222614841,111.3282087606947,0.0008948545861297539,0.012975391498881432,0.0044742729306487695,0.07216494845360824,0.422680412371134,0.006711409395973154,0.0008948545861297539,0.0008948545861297539,0.0
nicolay_10_s02,nicolay_10,nicolay,en,American,P1,P2,False,2234,19.42608695652174,0.024171888988361683,0.2287376902417189,0.11862130707251567,0.09758281110116383,0.42528735632183906,0.14367816091954022,0.6176676557863502,98.31743348226864,0.0017905102954341987,0.012981199641897942,0.005371530886302597,0.07964601769911504,0.4247787610619469,0.008504923903312443,0.0040286481647269475,0.0013428827215756492,0.0008952551477170994
nicolay_11_s01,nicolay_11,nicolay,en,American,P1,P2,False,2113,15.76865671641791,0.048272598201609083,0.18930430667297682,0.12920018930430668,0.07004259346900142,0.2944038929440389,0.22871046228710462,0.547403758911212,89.71251130759438,0.002839564600094652,0.010411736867013724,0.002839564600094652,0.03875968992248062,0.3798449612403101,0.007572172266919072,0.001419782300047326,0.0,0.001419782300047326
nicolay_11_s02,nicolay_11,nicolay,en,American,P1,P2,False,2052,15.2,0.043859649122807015,0.2071150097465887,0.14083820662768032,0.059941520467836254,0.3877551020408163,0.1989795918367347,0.5549555997349238,88.56010222059967,0.00341130604288499,0.010721247563352826,0.0029239766081871343,0.07575757575757576,0.22727272727272727,0.005360623781676413,0.003898635477582846,0.001949317738791423,0.0004873294346978557
nicolay_11_s03,nicolay_11,nicolay,en,American,P1,P2,False,2077,19.78095238095238,0.017332691381800675,0.2171401059220029,0.10544053923928744,0.10399614829080404,0.38762214983713356,0.24429967426710097,0.6052560895325872,95.23800169141748,0.0014443909484833895,0.008184882041405874,0.0038517091959557053,0.12121212121212122,0.2828282828282828,0.0077034183919114105,0.002407318247472316,0.00048146364949446316,0.0019258545979778526
nicolay_11_s04,nicolay_11,nicolay,en,American,P1,P2,False,2038,18.527272727272727,0.03287536800785083,0.2041216879293425,0.11874386653581943,0.061334641805691856,0.33519553072625696,0.22625698324022347,0.5730789115646259,92.30425583337052,0.005397448478900883,0.008832188420019628,0.005397448478900883,0.0761904761904762,0.34285714285714286,0.009322865554465163,0.001962708537782139,0.0004906771344455348,0.0014720314033366045
nicolay_11_s05,nicolay_11,nicolay,en,American,P1,P2,False,2069,21.552083333333332,0.029966167230546157,0.22184630256162396,0.11744804253262446,0.08651522474625423,0.44753086419753085,0.1388888888888889,0.5851331592689295,107.37556064166425,0.002416626389560174,0.012566457225712905,0.005799903334944417,0.09375,0.375,0.0043499275012083135,0.0019333011116481392,0.0019333011116481392,0.0
nicolay_12_s01,nicolay_12,nicolay,en,American,P1,P2,False,2670,20.697674418604652,0.02846441947565543,0.21423220973782772,0.12172284644194757,0.0898876404494382,0.3270588235294118,0.2188235294117647,0.5921501416430595,105.61729405438034,0.0033707865168539327,0.011235955056179775,0.006367041198501872,0.05737704918032787,0.3442622950819672,0.006741573033707865,0.0011235955056179776,0.0,0.0003745318352059925
nicolay_13_s01,nicolay_13,nicolay,en,American,P2,P2,True,2114,22.020833333333332,0.02459791863765374,0.23793755912961212,0.10832544938505204,0.09082308420056764,0.4086687306501548,0.07120743034055728,0.6061987261146496,108.27514079856363,0.0014191106906338694,0.010879848628192999,0.00804162724692526,0.09375,0.3854166666666667,0.008987701040681173,0.006149479659413435,0.004257332071901609,0.0
nicolay_13_s02,nicolay_13,nicolay,en,American,P2,P2,True,2066,19.865384615384617,0.017909002904162634,0.25411423039690223,0.12197483059051308,0.09002904162633107,0.42729970326409494,0.11275964391691394,0.6143705650459921,112.65189043004905,0.001452081316553727,0.01016456921587609,0.000968054211035818,0.06,0.5,0.003872216844143272,0.007260406582768635,0.001936108422071636,0.001452081316553727
nicolay_13_s03,nicolay_13,nicolay,en,American,P2,P2,True,2092,19.923809523809524,0.011950286806883365,0.25764818355640534,0.12715105162523901,0.08317399617590822,0.4092219020172911,0.1037463976945245,0.6350810110174984,91.33850261069931,0.0009560229445506692,0.014340344168260038,0.004780114722753346,0.0297029702970297,0.2871287128712871,0.006692160611854685,0.004302103250478011,0.0009560229445506692,0.0004780114722753346
nicolay_13_s04,nicolay_13,nicolay,en,American,P2,P2,True,2033,16.528455284552845,0.029021151008362025,0.20216428922774227,0.1352680767338908,0.07033939990162322,0.3711340206185567,0.16752577319587628,0.5713144016227181,88.51665591475901,0.002951303492375799,0.012297097884899164,0.0014756517461878996,0.05982905982905983,0.41025641025641024,0.008362026561731432,0.009345794392523364,0.002459419576979833,0.003443187407771766
nicolay_13_s05,nicolay_13,nicolay,en,American,P2,P2,True,2107,18.8125,0.02420503084954912,0.19933554817275748,0.12339819648789749,0.08780256288561937,0.40482573726541554,0.16085790884718498,0.5650728562217924,92.02141582391434,0.0037968675842429997,0.005220692928334125,0.0033222591362126247,0.06422018348623854,0.4036697247706422,0.009492168960607499,0.004271476032273375,0.0023730422401518746,0.0014238253440911248
nicolay_13_s06,nicolay_13,nicolay,en,American,P2,P2,True,2204,19.855855855855857,0.01678765880217786,0.21234119782214156,0.1161524500907441,0.10208711433756806,0.3939393939393939,0.17079889807162535,0.5927660606060606,105.98932354828212,0.004537205081669692,0.008620689655172414,0.004083484573502722,0.11818181818181818,0.42727272727272725,0.010435571687840291,0.008166969147005444,0.0027223230490018148,0.0018148820326678765
nicolay_13_s07,nicolay_13,nicolay,en,American,P2,P2,True,2052,14.34965034965035,0.02387914230019493,0.22855750487329435,0.12524366471734893,0.08284600389863547,0.415041782729805,0.17548746518105848,0.5832328947368421,94.48623416817107,0.005360623781676413,0.006335282651072124,0.00341130604288499,0.07352941176470588,0.375,0.003898635477582846,0.007309941520467836,0.00341130604288499,0.001949317738791423
nicolay_13_s08,nicolay_13,nicolay,en,American,P2,P2,True,2065,14.54225352112676,0.031961259079903145,0.22033898305084745,0.12784503631961258,0.08232445520581114,0.4155495978552279,0.20107238605898123,0.5845847176079734,80.15406313122259,0.00048426150121065375,0.009685230024213076,0.0014527845036319612,0.1357142857142857,0.25,0.01162227602905569,0.0009685230024213075,0.00048426150121065375,0.00048426150121065375
nicolay_13_s09,nicolay_13,nicolay,en,American,P2,P2,True,2946,21.98507462686567,0.021045485403937542,0.24405974202308214,0.11473183978275628,0.08723693143245079,0.3547008547008547,0.16025641025641027,0.5849749163879598,119.21442767610594,0.0023761031907671417,0.006109979633401222,0.003054989816700611,0.08208955223880597,0.3880597014925373,0.006449422946367957,0.006109979633401222,0.0027155465037338763,0.0016972165648336728
miller_01_s01,miller_01,miller,en,American,P3,P3,True,2066,14.549295774647888,0.03630203291384317,0.20135527589545016,0.1340755082284608,0.06776379477250725,0.4506329113924051,0.05569620253164557,0.5618533071381795,98.6338507594753,0.002904162633107454,0.01016456921587609,0.002420135527589545,0.12307692307692308,0.4153846153846154,0.01016456921587609,0.02516940948693127,0.00968054211035818,0.001452081316553727
miller_01_s02,miller_01,miller,en,American,P3,P3,True,1426,16.02247191011236,0.04908835904628331,0.20757363253856942,0.14305750350631136,0.06732117812061711,0.4421052631578947,0.056140350877192984,0.5762882483370289,93.86585802636131,0.006311360448807854,0.009817671809256662,0.001402524544179523,0.023529411764705882,0.43529411764705883,0.008415147265077139,0.021739130434782608,0.006311360448807854,0.0021037868162692847
miller_02_s01,miller_02,miller,en,American,P1,P3,True,2076,20.352941176470587,0.04046242774566474,0.2153179190751445,0.12620423892100194,0.08959537572254335,0.42779291553133514,0.0326975476839237,0.592120857699805,95.058462326686,0.001445086705202312,0.014932562620423893,0.0052986512524084775,0.18,0.38,0.014932562620423893,0.001445086705202312,0.0009633911368015414,0.0
miller_02_s02,miller_02,miller,en,American,P1,P3,True,2223,19.163793103448278,0.04228520017993702,0.19973009446693657,0.13675213675213677,0.07557354925775979,0.43636363636363634,0.038636363636363635,0.5573598103141671,97.78185893932026,0.003148897885739991,0.008097165991902834,0.002699055330634278,0.14414414414414414,0.36936936936936937,0.013045434098065677,0.001349527665317139,0.0,0.000449842555105713
miller_02_s03,miller_02,miller,en,American,P1,P3,True,2055,19.02777777777778,0.04330900243309002,0.20681265206812652,0.12992700729927006,0.0851581508515815,0.47480106100795755,0.050397877984084884,0.5653853333333333,89.52950712474797,0.0009732360097323601,0.01167883211678832,0.0034063260340632603,0.14018691588785046,0.2616822429906542,0.012165450121654502,0.0038929440389294406,0.0019464720194647203,0.00048661800486618007
miller_02_s04,miller_02,miller,en,American,P1,P3,True,2532,19.78125,0.030410742496050552,0.18759873617693523,0.12993680884676145,0.08096366508688783,0.4780701754385965,0.039473684210526314,0.5621235443037975,94.786915693626,0.002369668246445498,0.015402843601895734,0.005134281200631911,0.168,0.256,0.013428120063191154,0.01579778830963665,0.004739336492890996,0.002369668246445498
miller_03_s01,miller_03,miller,en,American,P1,P3,True,2136,14.63013698630137,0.050093632958801496,0.17743445692883894,0.1301498127340824,0.08895131086142322,0.5184210526315789,0.05263157894736842,0.5439399624765479,78.20330952080197,0.0028089887640449437,0.009363295880149813,0.003745318352059925,0.2116788321167883,0.23357664233576642,0.0149812734082397,0.0023408239700374533,0.0014044943820224719,0.0
miller_03_s02,miller_03,miller,en,American,P1,P3,True,2041,17.594827586206897,0.040666340029397355,0.1910828025477707,0.12640862322390986,0.08770210681038706,0.48633879781420764,0.04371584699453552,0.524863213811421,103.34264090397448,0.0004899559039686428,0.008819206271435572,0.0019598236158745713,0.24545454545454545,0.19090909090909092,0.011758941695247428,0.0034296913277804997,0.0019598236158745713,0.0004899559039686428
miller_03_s03,miller_03,miller,en,American,P1,P3,True,2058,19.055555555555557,0.03012633624878523,0.2031098153547133,0.11904761904761904,0.0913508260447036,0.3712737127371274,0.08943089430894309,0.5284445910290237,98.05367929117229,0.001943634596695821,0.01020408163265306,0.005344995140913508,0.16037735849056603,0.2641509433962264,0.015549076773566569,0.0009718172983479105,0.0009718172983479105,0.0
miller_03_s04,miller_03,miller,en,American,P1,P3,True,2555,21.470588235294116,0.034833659491193734,0.20117416829745596,0.13737769080234832,0.06731898238747554,0.43584521384928715,0.059063136456211814,0.5339021956087824,105.89609687711543,0.0003913894324853229,0.006653620352250489,0.0031311154598825833,0.1694915254237288,0.288135593220339,0.01213307240704501,0.003913894324853229,0.0011741682974559687,0.0003913894324853229
miller_04_s01,miller_04,miller,en,American,P1,P3,True,2067,26.164556962025316,0.02080309627479439,0.21722302854378325,0.1185292694726657,0.07595549104983067,0.44314868804664725,0.023323615160349854,0.5824575596816977,94.6661770996331,0.0024189646831156266,0.006289308176100629,0.005321722302854378,0.05128205128205128,0.5,0.008708272859216255,0.005321722302854378,0.0038703434929850023,0.001451378809869376
miller_04_s02,miller_04,miller,en,American,P1,P3,True,2241,21.75728155339806,0.00892458723784025,0.20437304774654172,0.12226684515841142,0.07764390896921017,0.4659949622166247,0.017632241813602016,0.5713071428571429,99.52315070573316,0.0049085229808121375,0.006693440428380187,0.0035698348951361,0.06862745098039216,0.6470588235294118,0.009817045961624275,0.00535475234270415,0.0022311468094600626,0.002677376171352075
miller_04_s03,miller_04,miller,en,American,P1,P3,True,2081,19.091743119266056,0.028832292167227293,0.20807304180682365,0.13887554060547813,0.06775588659298415,0.4175,0.1,0.5539068564036222,88.54083846940179,0.0019221528111484864,0.0076886112445939455,0.0004805382027871216,0.045871559633027525,0.46788990825688076,0.0076886112445939455,0.0014416146083613647,0.0014416146083613647,0.0
miller_04_s04,miller_04,miller,en,American,P1,P3,True,2057,21.20618556701031,0.02236266407389402,0.21584832280019445,0.13466212931453572,0.06660184735051045,0.4696132596685083,0.027624309392265192,0.5773843085106383,103.72858086808878,0.0019445794846864365,0.006806028196402528,0.006319883325230919,0.052083333333333336,0.375,0.0053475935828877,0.004375303840544483,0.0,0.0014584346135148275
miller_04_s05,miller_04,miller,en,American,P1,P3,True,2312,18.0625,0.029411764705882353,0.1903114186851211,0.14359861591695502,0.06444636678200692,0.4346895074946467,0.03640256959314775,0.5270204081632653,100.93398597078128,0.0012975778546712802,0.009083044982698962,0.004325259515570935,0.1171875,0.3828125,0.01513840830449827,0.004325259515570935,0.0008650519031141869,0.0012975778546712802
miller_05_s01,miller_05,miller,en,American,P1,P3,True,2954,18.57861635220126,0.03114421123899797,0.1922816519972918,0.12593094109681788,0.08598510494245092,0.44021739130434784,0.036231884057971016,0.5438633902540608,86.05231866825208,0.0013540961408259986,0.006093432633716994,0.002708192281651997,0.16447368421052633,0.3618421052631579,0.01929587000677048,0.003723764387271496,0.003046716316858497,0.00033852403520649965
miller_06_s01,miller_06,miller,en,American,P2,P3,True,2065,22.445652173913043,0.01791767554479419,0.1893462469733656,0.12106537530266344,0.08571428571428572,0.388268156424581,0.05307262569832402,0.5566119205298014,109.03646383707364,0.006295399515738499,0.00387409200968523,0.0029055690072639223,0.08791208791208792,0.4175824175824176,0.01162227602905569,0.001937046004842615,0.0,0.00048426150121065375
miller_06_s02,miller_06,miller,en,American,P2,P3,True,2172,18.724137931034484,0.01565377532228361,0.23987108655616943,0.13904235727440148,0.06860036832412524,0.4725848563968668,0.031331592689295036,0.5743137973137973,117.04117287298745,0.0032228360957642726,0.009668508287292817,0.0009208103130755065,0.05357142857142857,0.5982142857142857,0.007366482504604052,0.013351749539594844,0.005985267034990792,0.0032228360957642726
miller_06_s03,miller_06,miller,en,American,P2,P3,True,2082,22.148936170212767,0.024495677233429394,0.24159462055715658,0.12007684918347743,0.08837656099903939,0.4709480122324159,0.024464831804281346,0.5859137153895686,99.10456778723938,0.004322766570605188,0.005763688760806916,0.0033621517771373678,0.043010752688172046,0.3655913978494624,0.004322766570605188,0.0033621517771373678,0.0019212295869356388,0.0
miller_06_s04,miller_06,miller,en,American,P2,P3,True,2057,18.871559633027523,0.026251823043266894,0.18133203694701022,0.13466212931453572,0.08021390374331551,0.4052631578947368,0.09736842105263158,0.5282163588390502,107.60979994951019,0.003403014098201264,0.008264462809917356,0.003889158969372873,0.125,0.4423076923076923,0.0053475935828877,0.010209042294603793,0.0053475935828877,0.0014584346135148275
miller_06_s05,miller_06,miller,en,American,P2,P3,True,2101,17.221311475409838,0.042836744407425034,0.188005711565921,0.14707282246549264,0.06092336982389338,0.47804878048780486,0.08048780487804878,0.5459652733118971,101.6327416805644,0.0038077106139933364,0.012375059495478343,0.00047596382674916705,0.09565217391304348,0.34782608695652173,0.007139457401237506,0.007139457401237506,0.0028557829604950024,0.00047596382674916705
miller_06_s06,miller_06,miller,en,American,P2,P3,True,2176,18.921739130434784,0.01011029411764706,0.22380514705882354,0.1332720588235294,0.07352941176470588,0.5,0.05181347150259067,0.5661925655088361,118.07581448161412,0.0055147058823529415,0.009650735294117647,0.002297794117647059,0.03508771929824561,0.6929824561403509,0.0055147058823529415,0.012867647058823529,0.0059742647058823525,0.002297794117647059
miller_06_s07,miller_06,miller,en,American,P2,P3,True,2141,18.45689655172414,0.022886501634750117,0.2050443717888837,0.13685193834656703,0.06352171882297991,0.5078534031413613,0.04450261780104712,0.5592531328320802,109.14952637544785,0.003269500233535731,0.007006071929005138,0.0028024287716020553,0.0603448275862069,0.5258620689655172,0.006539000467071462,0.012143858010275572,0.004203643157403083,0.002335357309668379
miller_06_s08,miller_06,miller,en,American,P2,P3,True,2061,16.228346456692915,0.034934497816593885,0.21737020863658418,0.1572052401746725,0.049005337214944204,0.5328467153284672,0.024330900243309004,0.5401777485187623,114.95156082865705,0.002911208151382824,0.010674429888403688,0.0009704027171276079,0.04,0.512,0.005337214944201844,0.019408054342552158,0.005822416302765648,0.005822416302765648
miller_06_s09,miller_06,miller,en,American,P2,P3,True,1159,18.396825396825395,0.012942191544434857,0.23037100949094047,0.13459879206212252,0.06816220880069025,0.4682926829268293,0.06341463414634146,0.5849551282051282,98.5624785410533,0.006902502157031924,0.0060396893874029335,0.0025884383088869713,0.09523809523809523,0.6190476190476191,0.010353753235547885,0.007765314926660914,0.0008628127696289905,0.006902502157031924
miller_07_s01,miller_07,miller,en,American,P2,P3,True,2358,22.037383177570092,0.030534351145038167,0.18999151823579305,0.12595419847328243,0.089058524173028,0.4681372549019608,0.031862745098039214,0.5768020022246941,95.93630578318637,0.008905852417302799,0.00720949957591179,0.0021204410517387615,0.0660377358490566,0.5377358490566038,0.009754028837998304,0.01993214588634436,0.006361323155216285,0.001272264631043257
miller_07_s02,miller_07,miller,en,American,P2,P3,True,2103,17.097560975609756,0.019495958155016643,0.1821207798383262,0.15168806466951973,0.07275320970042796,0.45990566037735847,0.0660377358490566,0.5491156549520767,95.76310017426837,0.0019020446980504042,0.007132667617689016,0.00047551117451260106,0.06666666666666667,0.5166666666666667,0.006181645268663814,0.02615311459819306,0.006657156443176415,0.00047551117451260106
miller_07_s03,miller_07,miller,en,American,P2,P3,True,2459,18.62878787878788,0.032126880845872306,0.17690117934119562,0.13501423342822286,0.0618137454249695,0.4189473684210526,0.06315789473684211,0.5201966351209253,101.46057079854101,0.004473363155754371,0.0028466856445709637,0.0036600244001626678,0.11627906976744186,0.5193798449612403,0.011386742578283855,0.025213501423342822,0.004880032533550223,0.0008133387555917039
miller_08_s01,miller_08,miller,en,American,P2,P3,True,1935,16.82608695652174,0.014470284237726097,0.19069767441860466,0.13850129198966407,0.08165374677002583,0.430939226519337,0.06077348066298342,0.5575606604450826,116.62547099392569,0.0036175710594315244,0.009302325581395349,0.002583979328165375,0.02702702702702703,0.6666666666666666,0.010852713178294573,0.005684754521963824,0.0015503875968992248,0.0005167958656330749
miller_09_s01,miller_09,miller,en,American,P2,P3,True,2076,20.554455445544555,0.009152215799614644,0.19508670520231214,0.11801541425818883,0.09633911368015415,0.48328267477203646,0.03343465045592705,0.5770715214564369,112.31105259618992,0.0038535645472061657,0.004816955684007707,0.0009633911368015414,0.009900990099009901,0.5742574257425742,0.004816955684007707,0.012524084778420038,0.0038535645472061657,0.001445086705202312
miller_09_s02,miller_09,miller,en,American,P2,P3,True,1098,15.04109589041096,0.05009107468123861,0.1830601092896175,0.14845173041894352,0.061930783242258654,0.5426008968609866,0.02242152466367713,0.5524288164665523,94.09561946282813,0.0018214936247723133,0.00546448087431694,0.0018214936247723133,0.0684931506849315,0.4931506849315068,0.004553734061930784,0.020036429872495445,0.00546448087431694,0.0018214936247723133
miller_10_s01,miller_10,miller,en,American,P2,P3,True,2633,16.878205128205128,0.03532092669958223,0.20205089251804026,0.1614128370679833,0.059248006076718575,0.42657342657342656,0.050699300699300696,0.5575365384615385,94.05763525934483,0.0007595898214963919,0.011014052411697683,0.0007595898214963919,0.0728476821192053,0.47019867549668876,0.011014052411697683,0.012913026965438662,0.0060767185719711354,0.00037979491074819596
miller_11_s01,miller_11,miller,en,American,P2,P3,True,2852,17.284848484848485,0.02664796633941094,0.21739130434782608,0.13920056100981767,0.0620617110799439,0.4454225352112676,0.04929577464788732,0.5413237347294939,102.34822196184928,0.005259467040673212,0.008064516129032258,0.0017531556802244039,0.07051282051282051,0.4230769230769231,0.010168302945301542,0.015077138849929873,0.004207573632538569,0.002805049088359046
miller_12_s01,miller_12,miller,en,American,P2,P3,True,1233,14.855421686746988,0.040551500405515,0.1978913219789132,0.13706407137064072,0.051094890510948905,0.5393700787401575,0.003937007874015748,0.5173492286115007,111.39975383676982,0.0072992700729927005,0.0113544201135442,0.0016220600162206002,0.0375,0.35,0.008110300081103,0.0227088402270884,0.008921330089213302,0.004866180048661801
miller_13_s01,miller_13,miller,en,American,P2,P3,True,1196,18.6875,0.016722408026755852,0.2391304347826087,0.13377926421404682,0.08193979933110368,0.45662100456621,0.0273972602739726,0.5857236255572066,96.78330557141027,0.004180602006688963,0.005852842809364548,0.0016722408026755853,0.08064516129032258,0.5161290322580645,0.006688963210702341,0.03511705685618729,0.008361204013377926,0.0033444816053511705
miller_14_s01,miller_14,miller,en,American,P2,P3,True,2289,14.863636363636363,0.035386631716906945,0.19047619047619047,0.145478374836173,0.0655307994757536,0.4752688172043011,0.034408602150537634,0.5569302059496567,105.67618318763148,0.00436871996505024,0.010484927916120577,0.0,0.04081632653061224,0.5510204081632653,0.009611183923110528,0.01747487986020096,0.0069899519440803845,0.0030581039755351682
miller_15_s01,miller_15,miller,en,American,P2,P3,True,2120,18.275862068965516,0.04575471698113207,0.18537735849056602,0.15047169811320754,0.05188679245283019,0.4872389791183295,0.027842227378190254,0.5448862199747155,94.58358859279433,0.0047169811320754715,0.014622641509433962,0.0023584905660377358,0.06306306306306306,0.44144144144144143,0.007075471698113208,0.01650943396226415,0.0033018867924528303,0.0037735849056603774
miller_16_s01,miller_16,miller,en,American,P2,P3,True,1969,16.6864406779661,0.019299136617572373,0.2249873031995937,0.13204672422549518,0.06348400203148806,0.4781420765027322,0.01639344262295082,0.5780780141843972,98.70808535346204,0.0045708481462671405,0.013712544438801422,0.0025393600812595226,0.0423728813559322,0.3898305084745763,0.0111731843575419,0.01218892839004571,0.0,0.0030472320975114273
miller_17_s01,miller_17,miller,en,American,P2,P3,True,1849,15.803418803418804,0.05191995673336939,0.1990265008112493,0.14115738236884803,0.0638182801514332,0.5145888594164456,0.034482758620689655,0.546496583143508,102.82438044596246,0.0037858301784748512,0.019469983775013522,0.001081665765278529,0.05454545454545454,0.39090909090909093,0.011898323418063819,0.015143320713899405,0.002163331530557058,0.0005408328826392645
miller_18_s01,miller_18,miller,en,American,P2,P3,True,2477,15.878205128205128,0.029874848607186113,0.20710536939846588,0.1404925312878482,0.07186112232539363,0.463768115942029,0.049689440993788817,0.5653138990109318,84.62536711973226,0.003229713362939039,0.013726281792490917,0.0012111425111021397,0.12837837837837837,0.34459459459459457,0.005651998385143318,0.04319741622930965,0.007670569236980218,0.0044408558740411785
miller_19_s01,miller_19,miller,en,American,P2,P3,True,2238,16.954545454545453,0.024575513851653262,0.20285969615728328,0.14075067024128687,0.07238605898123325,0.4501108647450111,0.057649667405764965,0.5525321533923304,97.38168818747408,0.002234137622877569,0.01519213583556747,0.002680965147453083,0.06976744186046512,0.5348837209302325,0.0071492403932082215,0.022788203753351208,0.007596067917783735,0.006702412868632708
miller_20_s01,miller_20,miller,en,American,P2,P3,True,1138,16.257142857142856,0.0351493848857645,0.17838312829525482,0.1616871704745167,0.06854130052724078,0.41472868217054265,0.05426356589147287,0.542578352180937,85.52519993215587,0.0035149384885764497,0.011423550087873463,0.0,0.11428571428571428,0.44285714285714284,0.01054481546572935,0.02460456942003515,0.0035149384885764497,0.006151142355008787
miller_21_s01,miller_21,miller,en,American,P2,P3,True,1118,19.964285714285715,0.016100178890876567,0.21556350626118068,0.1413237924865832,0.09212880143112702,0.41818181818181815,0.031818181818181815,0.5634548494983278,89.77828817966294,0.0,0.011627906976744186,0.0017889087656529517,0.08928571428571429,0.42857142857142855,0.008944543828264758,0.03309481216457961,0.004472271914132379,0.005366726296958855
miller_22_s01,miller_22,miller,en,American,P2,P3,True,2374,16.957142857142856,0.031171019376579612,0.1937657961246841,0.14616680707666385,0.06992417860151642,0.4482758620689655,0.06288032454361055,0.5573820780648708,90.71817438049075,0.005897219882055603,0.010109519797809604,0.003369839932603201,0.072992700729927,0.5255474452554745,0.007582139848357203,0.03201347935973041,0.009688289806234204,0.008845829823083403
miller_23_s01,miller_23,miller,en,American,P2,P3,True,1249,16.012820512820515,0.032025620496397116,0.1977582065652522,0.1377101681345076,0.06485188150520416,0.5,0.046511627906976744,0.5365702592087312,95.58420475628267,0.005604483586869495,0.012810248198558846,0.0040032025620496394,0.012987012987012988,0.5194805194805194,0.01200960768614892,0.01200960768614892,0.006405124099279423,0.0
miller_24_s01,miller_24,miller,en,American,P2,P3,True,1786,15.805309734513274,0.036394176931690926,0.20100783874580067,0.14501679731243,0.06606942889137737,0.5303867403314917,0.027624309392265192,0.5719664268585132,92.10775510204081,0.0033594624860022394,0.012318029115341545,0.002799552071668533,0.07142857142857142,0.45535714285714285,0.008958566629339306,0.036954087346024636,0.007838745800671893,0.006159014557670772
miller_25_s01,miller_25,miller,en,American,P2,P3,True,1361,16.597560975609756,0.03085966201322557,0.16752387950036737,0.15429831006612785,0.07274063188831742,0.3885135135135135,0.04054054054054054,0.5338052884615384,95.54285740090236,0.0007347538574577516,0.005143277002204262,0.0036737692872887582,0.06172839506172839,0.5802469135802469,0.014695077149155033,0.03967670830271859,0.01763409257898604,0.00440852314474651
miller_26_s01,miller_26,miller,en,American,P2,P3,True,2176,18.440677966101696,0.027113970588235295,0.18428308823529413,0.12959558823529413,0.06571691176470588,0.37155963302752293,0.12155963302752294,0.5388315724052206,108.16749421198362,0.004595588235294118,0.011488970588235295,0.001838235294117647,0.02564102564102564,0.4444444444444444,0.015165441176470588,0.02068014705882353,0.0055147058823529415,0.0013786764705882354
miller_27_s01,miller_27,miller,en,American,P2,P3,True,2937,16.5,0.023152877085461356,0.18488253319713993,0.13210759278175008,0.0759278175008512,0.4352517985611511,0.052158273381294966,0.546260465116279,91.54286695171811,0.004766768811712632,0.0068096697310180455,0.005788219271365339,0.1744186046511628,0.38953488372093026,0.012938372488934287,0.009533537623425264,0.006128702757916241,0.0006809669731018045
miller_28_s01,miller_28,miller,en,American,P2,P3,True,1556,18.305882352941175,0.02699228791773779,0.2127249357326478,0.13560411311053985,0.07326478149100257,0.3952702702702703,0.06418918918918919,0.5974313725490196,88.10931622749973,0.002570694087403599,0.007712082262210797,0.005141388174807198,0.0963855421686747,0.4457831325301205,0.010282776349614395,0.01992287917737789,0.008997429305912597,0.0012853470437017994
miller_29_s01,miller_29,miller,en,American,P3,P3,True,2028,16.35483870967742,0.023175542406311637,0.1987179487179487,0.14201183431952663,0.07593688362919132,0.36492890995260663,0.08056872037914692,0.551554054054054,94.87695588928825,0.00641025641025641,0.011341222879684419,0.0019723865877712033,0.058333333333333334,0.4083333333333333,0.015285996055226824,0.023668639053254437,0.008382642998027613,0.0019723865877712033
miller_30_s01,miller_30,miller,en,American,P3,P3,True,1924,16.586206896551722,0.029106029106029108,0.20841995841995842,0.14085239085239085,0.07328482328482329,0.48501362397820164,0.051771117166212535,0.5210606060606061,85.53356457865742,0.005197505197505198,0.008835758835758836,0.0010395010395010396,0.08256880733944955,0.41284403669724773,0.011434511434511435,0.029106029106029108,0.012474012474012475,0.004158004158004158
miller_31_s01,miller_31,miller,en,American,P3,P3,True,1209,17.028169014084508,0.014061207609594707,0.22415219189412738,0.13730355665839536,0.07526881720430108,0.47085201793721976,0.017937219730941704,0.5497970588235294,107.14791865851439,0.0016542597187758478,0.009925558312655087,0.0008271298593879239,0.07142857142857142,0.42857142857142855,0.010752688172043012,0.043837882547559964,0.01240694789081886,0.0033085194375516956
miller_32_s01,miller_32,miller,en,American,P3,P3,True,2111,17.591666666666665,0.03173851255329228,0.2335386072951208,0.13169114163903364,0.07910942681193747,0.4194373401534527,0.061381074168797956,0.5905636132315522,89.1248183451732,0.0018948365703458077,0.011842728564661297,0.0,0.09322033898305085,0.3983050847457627,0.009000473709142587,0.022738038844149693,0.006158218853623875,0.0028422548555187117
miller_33_s01,miller_33,miller,en,American,P3,P3,True,2112,22.0,0.046875,0.22111742424242425,0.12973484848484848,0.06770833333333333,0.43733333333333335,0.050666666666666665,0.5404128205128205,106.5366255916703,0.0023674242424242425,0.010416666666666666,0.0023674242424242425,0.0851063829787234,0.2553191489361702,0.009943181818181818,0.015625,0.008049242424242424,0.0
miller_33_s02,miller_33,miller,en,American,P3,P3,True,1489,18.158536585365855,0.0315648085963734,0.21558092679650773,0.1417058428475487,0.07723304231027535,0.4329896907216495,0.09621993127147767,0.5590062893081761,79.49947162976285,0.005372733378106112,0.01208865010073875,0.0047011417058428475,0.07317073170731707,0.3170731707317073,0.004029550033579583,0.03089321692411014,0.011417058428475487,0.001343183344526528
miller_34_s01,miller_34,miller,en,American,P3,P3,True,2114,19.574074074074073,0.012771996215704825,0.2000946073793756,0.15468306527909176,0.06859035004730368,0.4517543859649123,0.046052631578947366,0.5575184713375796,92.32470581749367,0.0033112582781456954,0.014191106906338695,0.0023651844843897824,0.018691588785046728,0.5887850467289719,0.009933774834437087,0.02459791863765374,0.005676442762535478,0.006622516556291391
miller_34_s02,miller_34,miller,en,American,P3,P3,True,1482,15.6,0.0398110661268556,0.1774628879892038,0.16936572199730093,0.0553306342780027,0.36134453781512604,0.11484593837535013,0.5413685344827586,72.97445550301548,0.004723346828609987,0.0155195681511471,0.004723346828609987,0.03296703296703297,0.5164835164835165,0.012145748987854251,0.032388663967611336,0.009446693657219974,0.006072874493927126
miller_35_s01,miller_35,miller,en,American,P3,P3,True,1928,17.214285714285715,0.023858921161825725,0.19657676348547717,0.14782157676348548,0.06535269709543569,0.49019607843137253,0.05392156862745098,0.5433342939481268,94.74357926616413,0.0031120331950207467,0.009854771784232365,0.0015560165975103733,0.0990990990990991,0.4144144144144144,0.008817427385892116,0.028526970954356846,0.007780082987551867,0.006742738589211619
miller_36_s01,miller_36,miller,en,American,P3,P3,True,2036,20.565656565656564,0.007858546168958742,0.2038310412573674,0.13899803536345776,0.08349705304518663,0.42606516290726815,0.03258145363408521,0.5571564171122995,90.00445977098134,0.004911591355599214,0.008349705304518664,0.0014734774066797642,0.04081632653061224,0.6938775510204082,0.01424361493123772,0.03781925343811395,0.012278978388998035,0.003929273084479371
miller_36_s02,miller_36,miller,en,American,P3,P3,True,1268,17.36986301369863,0.007097791798107256,0.19242902208201892,0.1498422712933754,0.05362776025236593,0.5370370370370371,0.025925925925925925,0.5243814713896457,100.69138170439962,0.007886435331230283,0.006309148264984227,0.003943217665615142,0.0136986301369863,0.4657534246575342,0.007886435331230283,0.02365930599369085,0.00473186119873817,0.003943217665615142
miller_37_s01,miller_37,miller,en,American,P2,P3,True,2129,18.51304347826087,0.025364020666979802,0.17801784875528417,0.1240018788163457,0.07045561296383279,0.48635235732009924,0.05459057071960298,0.5391160714285714,94.12312120639749,0.0061061531235321745,0.010333489901362142,0.00986378581493659,0.02608695652173913,0.5217391304347826,0.00986378581493659,0.03663691874119305,0.015030530765617662,0.0032879286049788633
miller_37_s02,miller_37,miller,en,American,P2,P3,True,1666,16.333333333333332,0.034213685474189674,0.19747899159663865,0.14345738295318128,0.06902761104441776,0.4584527220630373,0.054441260744985676,0.5355070921985816,91.96378416012216,0.004801920768307323,0.011404561824729893,0.006002400960384154,0.00980392156862745,0.5098039215686274,0.013205282112845138,0.039015606242496996,0.01800720288115246,0.003001200480192077
miller_38_s01,miller_38,miller,en,American,P2,P3,True,2072,22.52173913043478,0.0222007722007722,0.20125482625482624,0.1138996138996139,0.08735521235521236,0.45588235294117646,0.047058823529411764,0.555240837696335,102.96614841231924,0.0014478764478764478,0.005791505791505791,0.004826254826254826,0.14130434782608695,0.41304347826086957,0.007722007722007722,0.013513513513513514,0.006274131274131274,0.00048262548262548264
miller_39_s01,miller_39,miller,en,American,P3,P3,True,1961,16.905172413793103,0.011728709841917389,0.20040795512493625,0.14431412544620092,0.0719020907700153,0.4899497487437186,0.01256281407035176,0.5498255977496483,83.83192317249741,0.005099439061703213,0.006629270780214177,0.0,0.0782608695652174,0.5826086956521739,0.00815910249872514,0.03161652218255992,0.005099439061703213,0.010198878123406425
miller_40_s01,miller_40,miller,en,American,P3,P3,True,2835,18.529411764705884,0.013756613756613757,0.20423280423280424,0.13968253968253969,0.06349206349206349,0.4808362369337979,0.036585365853658534,0.5188839876488751,97.93019147388833,0.0038800705467372134,0.015873015873015872,0.0021164021164021165,0.019867549668874173,0.4966887417218543,0.008112874779541446,0.020458553791887126,0.0049382716049382715,0.004585537918871252
miller_41_s01,miller_41,miller,en,American,P3,P3,True,2113,15.651851851851852,0.041173686701372454,0.19640321817321343,0.14055844770468529,0.06625650733554188,0.477751756440281,0.03747072599531616,0.5576912235746316,90.64944858139316,0.006625650733554188,0.011358258400378608,0.003312825366777094,0.07692307692307693,0.4076923076923077,0.006152389966871746,0.03502129673450071,0.012304779933743492,0.004259346900141978
miller_41_s02,miller_41,miller,en,American,P3,P3,True,2192,14.233766233766234,0.035583941605839414,0.18795620437956204,0.15237226277372262,0.0625,0.46875,0.05416666666666667,0.5411941570298235,99.34692831380919,0.005018248175182482,0.010036496350364963,0.004105839416058394,0.0472972972972973,0.5067567567567568,0.010492700729927007,0.024635036496350366,0.005474452554744526,0.006386861313868613
miller_41_s03,miller_41,miller,en,American,P3,P3,True,2883,17.059171597633135,0.03433922996878252,0.21817551161984045,0.13458203260492543,0.06520985084980922,0.43738656987295826,0.06352087114337568,0.5676856158484066,90.53484393960775,0.005896635449184877,0.007284079084287201,0.001734304543877905,0.10909090909090909,0.38181818181818183,0.009712105445716268,0.04266389177939646,0.008324661810613945,0.00346860908775581
miller_42_s01,miller_42,miller,en,American,P3,P3,True,1216,14.650602409638553,0.05674342105263158,0.19161184210526316,0.14802631578947367,0.078125,0.48314606741573035,0.03745318352059925,0.5572625538020086,121.62895269627856,0.003289473684210526,0.013157894736842105,0.0024671052631578946,0.012345679012345678,0.41975308641975306,0.011513157894736841,0.03042763157894737,0.004934210526315789,0.008223684210526315
miller_43_s01,miller_43,miller,en,American,P3,P3,True,1492,17.97590361445783,0.029490616621983913,0.25067024128686327,0.13002680965147453,0.0690348525469169,0.4924812030075188,0.0037593984962406013,0.5502238493723849,107.58493640840331,0.003351206434316354,0.011394101876675604,0.0013404825737265416,0.04878048780487805,0.5487804878048781,0.012064343163538873,0.036193029490616625,0.010053619302949061,0.005361930294906166
miller_44_s01,miller_44,miller,en,American,P3,P3,True,1597,15.811881188118813,0.031934877896055106,0.20538509705698185,0.1308703819661866,0.06825297432686286,0.4504792332268371,0.05750798722044728,0.5663899253731344,99.02590759229689,0.004383218534752661,0.008140262993112084,0.004383218534752661,0.05102040816326531,0.6224489795918368,0.00939261114589856,0.042579837194740136,0.013775829680651221,0.0031308703819661866
brumme_01_s01,brumme_01,brumme,de,German,,P3,True,2265,16.294964028776977,0.045033112582781455,0.21545253863134659,0.10684326710816777,0.04856512141280353,0.41624365482233505,0.2436548223350254,0.6062309017805859,59.9609375,0.0,0.00706401766004415,0.003973509933774834,0.051094890510948905,0.43795620437956206,0.007947019867549669,0.009713024282560706,0.004856512141280353,0.0008830022075055188
brumme_02_s01,brumme_02,brumme,de,German,P2,P3,True,1019,11.848837209302326,0.020608439646712464,0.22178606476938176,0.12070657507360157,0.058881256133464184,0.21714285714285714,0.4857142857142857,0.6352814371257485,48.58,0.001962708537782139,0.003925417075564278,0.007850834151128557,0.03571428571428571,0.36904761904761907,0.010794896957801767,0.020608439646712464,0.012757605495583905,0.0009813542688910696
brumme_03_s01,brumme_03,brumme,de,German,P2,P3,True,1275,13.709677419354838,0.03294117647058824,0.2203921568627451,0.11764705882352941,0.054901960784313725,0.19823788546255505,0.4185022026431718,0.6463872679045093,50.62391362087733,0.006274509803921568,0.00392156862745098,0.005490196078431373,0.06593406593406594,0.4065934065934066,0.010980392156862745,0.01568627450980392,0.009411764705882352,0.0
brumme_04_s01,brumme_04,brumme,de,German,P2,P3,True,1417,12.21551724137931,0.02893436838390967,0.19830628087508823,0.11009174311926606,0.043048694424841216,0.26037735849056604,0.36981132075471695,0.5971002227171492,51.28076371855223,0.007057163020465773,0.009174311926605505,0.002117148906139732,0.05405405405405406,0.4954954954954955,0.015525758645024701,0.021877205363443897,0.011291460832745237,0.0
brumme_05_s01,brumme_05,brumme,de,German,P2,P3,True,1184,12.333333333333334,0.03125,0.22635135135135134,0.10388513513513513,0.04983108108108108,0.2964824120603015,0.36683417085427134,0.6264751879699249,53.05204237077975,0.006756756756756757,0.0059121621621621625,0.005067567567567568,0.13978494623655913,0.3548387096774194,0.006756756756756757,0.02195945945945946,0.007601351351351352,0.005067567567567568
brumme_06_s01,brumme_06,brumme,de,German,P2,P3,True,1572,12.377952755905511,0.02544529262086514,0.1940203562340967,0.12086513994910941,0.05089058524173028,0.14383561643835616,0.5068493150684932,0.615925572519084,57.76344648545113,0.006361323155216285,0.009541984732824428,0.001272264631043257,0.040983606557377046,0.4918032786885246,0.011450381679389313,0.02608142493638677,0.006997455470737914,0.003816793893129771
brumme_07_s01,brumme_07,brumme,de,German,P3,P3,True,1418,12.43859649122807,0.04372355430183357,0.20521861777150915,0.11706629055007052,0.04160789844851904,0.2318840579710145,0.4384057971014493,0.6135171650055371,50.07112317638751,0.004231311706629055,0.011283497884344146,0.003526093088857546,0.11818181818181818,0.39090909090909093,0.011988716502115656,0.01692524682651622,0.00846262341325811,0.003526093088857546
brumme_08_s01,brumme_08,brumme,de,German,P3,P3,True,1054,12.547619047619047,0.04174573055028463,0.22106261859582543,0.1062618595825427,0.04079696394686907,0.3076923076923077,0.33516483516483514,0.6326630036630037,50.31020352098166,0.012333965844402278,0.004743833017077799,0.003795066413662239,0.13414634146341464,0.4634146341463415,0.008538899430740038,0.018975332068311195,0.006641366223908918,0.0009487666034155598
brumme_09_s01,brumme_09,brumme,de,German,P3,P3,True,1324,11.614035087719298,0.04078549848942598,0.20996978851963746,0.12764350453172205,0.04833836858006042,0.27710843373493976,0.3855421686746988,0.6081039603960396,48.76338285577805,0.013595166163141994,0.00906344410876133,0.0,0.09345794392523364,0.45794392523364486,0.009818731117824773,0.017371601208459216,0.006042296072507553,0.006042296072507553
brumme_10_s01,brumme_10,brumme,de,German,P3,P3,True,1011,12.180722891566266,0.033630069238377844,0.19980217606330367,0.12166172106824925,0.04253214638971316,0.2079207920792079,0.33663366336633666,0.597719512195122,51.889813569349165,0.013847675568743818,0.005934718100890208,0.006923837784371909,0.10975609756097561,0.4024390243902439,0.011869436201780416,0.016815034619188922,0.002967359050445104,0.004945598417408506
brumme_11_s01,brumme_11,brumme,de,German,P3,P3,True,1005,13.4,0.04079601990049751,0.19900497512437812,0.10945273631840796,0.04776119402985075,0.30337078651685395,0.34831460674157305,0.6160448979591837,55.12610403007399,0.007960199004975124,0.007960199004975124,0.003980099502487562,0.06944444444444445,0.5138888888888888,0.009950248756218905,0.028855721393034824,0.010945273631840797,0.005970149253731343
brumme_12_s01,brumme_12,brumme,de,German,P3,P3,True,1365,13.787878787878787,0.02490842490842491,0.20512820512820512,0.12234432234432234,0.05641025641025641,0.3048327137546468,0.2788104089219331,0.5990868014268728,57.10625974604589,0.008791208791208791,0.003663003663003663,0.0014652014652014652,0.07216494845360824,0.5257731958762887,0.01098901098901099,0.021245421245421246,0.006593406593406593,0.005860805860805861
brumme_13_s01,brumme_13,brumme,de,German,P3,P3,True,1405,14.484536082474227,0.03416370106761566,0.1893238434163701,0.11814946619217082,0.04341637010676157,0.25448028673835127,0.32616487455197135,0.5910134831460674,50.577379295617476,0.012811387900355872,0.0056939501779359435,0.004270462633451958,0.0851063829787234,0.3404255319148936,0.008540925266903915,0.020640569395017794,0.007829181494661922,0.0028469750889679717
brumme_14_s01,brumme_14,brumme,de,German,P3,P3,True,1106,13.825,0.02802893309222423,0.2070524412296564,0.11301989150090416,0.04701627486437613,0.19801980198019803,0.4504950495049505,0.578581512605042,64.10234986247072,0.0009041591320072332,0.014466546112115732,0.0009041591320072332,0.16666666666666666,0.4358974358974359,0.015370705244122965,0.0189873417721519,0.009945750452079566,0.0027124773960217
brumme_15_s01,brumme_15,brumme,de,German,P3,P3,True,1200,12.76595744680851,0.030833333333333334,0.21416666666666667,0.11,0.055,0.2676056338028169,0.38967136150234744,0.6057533039647577,50.76127549554726,0.009166666666666667,0.0033333333333333335,0.0033333333333333335,0.1111111111111111,0.34444444444444444,0.011666666666666667,0.025,0.011666666666666667,0.004166666666666667
brumme_16_s01,brumme_16,brumme,de,German,P3,P3,True,1359,15.1,0.04194260485651214,0.18763796909492272,0.11405445180279618,0.05518763796909492,0.15163934426229508,0.4385245901639344,0.6119498806682577,51.634370477447305,0.006622516556291391,0.0051508462104488595,0.0029433406916850625,0.06741573033707865,0.5168539325842697,0.011037527593818985,0.0051508462104488595,0.0029433406916850625,0.0007358351729212656
brumme_17_s01,brumme_17,brumme,de,German,P3,P3,True,1505,12.336065573770492,0.043853820598006646,0.20332225913621263,0.11495016611295682,0.04717607973421927,0.1947565543071161,0.48314606741573035,0.622210101010101,43.67826564269609,0.009966777408637873,0.005980066445182724,0.0026578073089701,0.10084033613445378,0.3949579831932773,0.0106312292358804,0.019269102990033222,0.009966777408637873,0.0033222591362126247
brumme_18_s01,brumme_18,brumme,de,German,P3,P3,True,1422,14.968421052631578,0.026019690576652602,0.20745428973277075,0.10548523206751055,0.05414908579465542,0.208,0.38,0.6119597315436242,57.13110728496343,0.004219409282700422,0.007735583684950774,0.0035161744022503515,0.08602150537634409,0.41935483870967744,0.011251758087201125,0.01617440225035162,0.006329113924050633,0.0028129395218002813
brumme_19_s01,brumme_19,brumme,de,German,P3,P3,True,1844,12.805555555555555,0.03470715835140998,0.21475054229934923,0.11767895878524946,0.05477223427331887,0.19117647058823528,0.5176470588235295,0.6078893100833965,49.74094769212895,0.00596529284164859,0.0070498915401301515,0.0010845986984815619,0.09154929577464789,0.4154929577464789,0.007592190889370932,0.0227765726681128,0.00596529284164859,0.004880694143167028
orth_01_s01,orth_01,orth,de,German,P3,P3,True,2011,12.974193548387097,0.035305818000994534,0.2362008950770761,0.1009448035803083,0.05420188960716062,0.2527075812274368,0.49097472924187724,0.6234776725304465,52.01445351946985,0.003978120338140228,0.007956240676280457,0.0014917951268025858,0.046052631578947366,0.27631578947368424,0.007458975634012929,0.0174042764793635,0.009448035803083043,0.0004972650422675286
orth_01_s02,orth_01,orth,de,German,P3,P3,True,2130,12.603550295857989,0.03004694835680751,0.23098591549295774,0.11408450704225352,0.055868544600938964,0.18857142857142858,0.5457142857142857,0.6417767969735183,48.325080942440295,0.004694835680751174,0.014084507042253521,0.002347417840375587,0.13664596273291926,0.22981366459627328,0.006572769953051643,0.018779342723004695,0.009859154929577466,0.002347417840375587
orth_01_s03,orth_01,orth,de,German,P3,P3,True,1371,13.848484848484848,0.02188183807439825,0.2399708242159008,0.10576221735959154,0.06199854121079504,0.255,0.535,0.6397707602339181,52.004128039028735,0.0029175784099197666,0.007293946024799417,0.002188183807439825,0.09183673469387756,0.30612244897959184,0.0036469730123997084,0.016776075857038657,0.006564551422319475,0.0036469730123997084
orth_02_s01,orth_02,orth,de,German,P3,P3,True,2021,13.3841059602649,0.042058386937159825,0.19643740722414646,0.10687778327560614,0.047996041563582385,0.17682926829268292,0.5457317073170732,0.636030534351145,51.158465299181636,0.0029688273132112814,0.009401286491835725,0.0034636318654131617,0.19594594594594594,0.20270270270270271,0.008411677387431964,0.0054428500742206825,0.0029688273132112814,0.0009896091044037606
orth_02_s02,orth_02,orth,de,German,P3,P3,True,1146,13.80722891566265,0.028795811518324606,0.2198952879581152,0.1099476439790576,0.0462478184991274,0.1853932584269663,0.5617977528089888,0.6187924528301887,47.61590560655165,0.0008726003490401396,0.010471204188481676,0.004363001745200698,0.08433734939759036,0.26506024096385544,0.009598603839441536,0.019197207678883072,0.008726003490401396,0.002617801047120419
orth_03_s01,orth_03,orth,de,German,P3,P3,True,2115,13.21875,0.034988179669030735,0.2170212765957447,0.11394799054373522,0.04822695035460993,0.2693409742120344,0.48424068767908307,0.6391840101522842,54.644796051676586,0.002364066193853428,0.009456264775413711,0.0028368794326241137,0.08974358974358974,0.27564102564102566,0.008037825059101654,0.014657210401891253,0.00425531914893617,0.002364066193853428
orth_03_s02,orth_03,orth,de,German,P3,P3,True,2100,12.42603550295858,0.05904761904761905,0.19142857142857142,0.11904761904761904,0.04666666666666667,0.34011627906976744,0.40988372093023256,0.6119115384615385,51.28929696819021,0.004761904761904762,0.01380952380952381,0.0014285714285714286,0.13548387096774195,0.3096774193548387,0.01,0.005714285714285714,0.002857142857142857,0.0004761904761904762
orth_03_s03,orth_03,orth,de,German,P3,P3,True,2236,13.0,0.0259391771019678,0.19633273703041146,0.11180679785330948,0.05590339892665474,0.2440318302387268,0.4562334217506631,0.6115642857142857,55.201713717299405,0.0026833631484794273,0.008944543828264758,0.0022361359570661895,0.08552631578947369,0.3881578947368421,0.005366726296958855,0.014758497316636851,0.005366726296958855,0.0004472271914132379
orth_04_s01,orth_04,orth,de,German,P3,P3,True,2068,13.256410256410257,0.04013539651837524,0.22292069632495165,0.10783365570599614,0.039651837524177946,0.33532934131736525,0.4221556886227545,0.6271097961867192,51.347907067934514,0.004352030947775629,0.013056092843326886,0.0024177949709864605,0.08108108108108109,0.2905405405405405,0.004352030947775629,0.012088974854932301,0.005802707930367505,0.0014506769825918763
orth_04_s02,orth_04,orth,de,German,P3,P3,True,2451,12.9,0.0277437780497756,0.20930232558139536,0.12729498164014688,0.04773561811505508,0.25733634311512416,0.49887133182844245,0.627579604578564,49.74714399220233,0.0036719706242350062,0.011831905344757242,0.00448796409628723,0.08064516129032258,0.26344086021505375,0.008567931456548347,0.02039983680130559,0.007751937984496124,0.00448796409628723
orth_05_s01,orth_05,orth,de,German,P3,P3,True,2010,12.641509433962264,0.023383084577114428,0.22487562189054727,0.11592039800995024,0.051741293532338306,0.2204968944099379,0.5403726708074534,0.636222372881356,49.632045363792116,0.004477611940298508,0.014427860696517412,0.0014925373134328358,0.13548387096774195,0.3161290322580645,0.005472636815920398,0.019402985074626865,0.006467661691542288,0.003482587064676617
orth_05_s02,orth_05,orth,de,German,P3,P3,True,2000,15.037593984962406,0.018,0.234,0.113,0.0735,0.2545454545454545,0.4727272727272727,0.6470765027322405,43.8369644848443,0.003,0.012,0.0015,0.09090909090909091,0.2878787878787879,0.0085,0.01,0.0045,0.002
orth_06_s01,orth_06,orth,de,German,P3,P3,True,2025,12.272727272727273,0.03901234567901234,0.2088888888888889,0.11703703703703704,0.05333333333333334,0.17405063291139242,0.6265822784810127,0.6295785234899329,48.56272090767699,0.003950617283950617,0.01925925925925926,0.003950617283950617,0.11038961038961038,0.2792207792207792,0.008888888888888889,0.010864197530864197,0.0014814814814814814,0.0019753086419753087
orth_06_s02,orth_06,orth,de,German,P3,P3,True,2038,13.233766233766234,0.03532875368007851,0.21786064769381747,0.1182531894013739,0.042688910696761534,0.21994134897360704,0.5278592375366569,0.6429853137516689,47.31684406930877,0.0034347399411187437,0.008832188420019628,0.001962708537782139,0.0472972972972973,0.2905405405405405,0.0068694798822374874,0.009813542688910697,0.002944062806673209,0.0014720314033366045
orth_06_s03,orth_06,orth,de,German,P3,P3,True,2078,13.76158940397351,0.019249278152069296,0.21414821944177093,0.109720885466795,0.04571703561116458,0.23076923076923078,0.5118343195266272,0.6125387117761874,59.60491120537593,0.004331087584215592,0.012512030798845043,0.004331087584215592,0.061224489795918366,0.3741496598639456,0.004331087584215592,0.01973051010587103,0.005774783445620789,0.006737247353224254
orth_06_s04,orth_06,orth,de,German,P3,P3,True,1159,13.797619047619047,0.008628127696289905,0.21742881794650562,0.09836065573770492,0.0457290767903365,0.345679012345679,0.3950617283950617,0.6118057324840764,49.61700740633432,0.0060396893874029335,0.007765314926660914,0.0,0.07228915662650602,0.27710843373493976,0.011216566005176877,0.010353753235547885,0.0025884383088869713,0.0008628127696289905
orth_07_s01,orth_07,orth,de,German,P3,P3,True,2009,12.401234567901234,0.037829766052762566,0.1986062717770035,0.11896465903434544,0.04529616724738676,0.19825072886297376,0.5306122448979592,0.6233227804542326,48.51581396130072,0.001991040318566451,0.009955201592832254,0.003484320557491289,0.10126582278481013,0.2911392405063291,0.011946241911398706,0.005973120955699353,0.0024888003982080635,0.0014932802389248383
orth_07_s02,orth_07,orth,de,German,P3,P3,True,2041,9.907766990291263,0.06320431161195493,0.1910828025477707,0.14796668299853014,0.03723664870161685,0.4105011933174224,0.32935560859188545,0.573574159525379,53.87455908289242,0.002449779519843214,0.011758941695247428,0.0004899559039686428,0.12105263157894737,0.3,0.008329250367466928,0.015188633023027927,0.0019598236158745713,0.002939735423811857
orth_07_s03,orth_07,orth,de,German,P3,P3,True,1489,14.317307692307692,0.03223640026863667,0.22364002686366688,0.10275352585627938,0.04768300873069174,0.21524663677130046,0.515695067264574,0.645545934530095,53.41199742122591,0.004029550033579583,0.008059100067159167,0.0033579583613163196,0.07142857142857142,0.30612244897959184,0.008730691739422432,0.014775016789791807,0.008059100067159167,0.001343183344526528
orth_08_s01,orth_08,orth,de,German,P3,P3,True,2006,13.025974025974026,0.034396809571286144,0.20438683948155534,0.11714855433698904,0.04735792622133599,0.23809523809523808,0.5267857142857143,0.6334696659850034,46.937303436135565,0.005483549351944167,0.00847457627118644,0.0024925224327018943,0.09271523178807947,0.3576158940397351,0.00897308075772682,0.018943170488534396,0.006979062811565304,0.0009970089730807576
orth_08_s02,orth_08,orth,de,German,P3,P3,True,2048,12.720496894409937,0.04345703125,0.205078125,0.1298828125,0.041015625,0.143646408839779,0.585635359116022,0.6330900723208416,46.9120674443682,0.00341796875,0.013671875,0.0009765625,0.07051282051282051,0.33974358974358976,0.00390625,0.0166015625,0.00439453125,0.00244140625
orth_08_s03,orth_08,orth,de,German,P3,P3,True,2014,12.132530120481928,0.060079443892750745,0.1936444885799404,0.11817279046673287,0.055114200595829194,0.21813031161473087,0.5127478753541076,0.6054401622718053,48.41425549599692,0.007944389275074478,0.009930486593843098,0.0029791459781529296,0.08917197452229299,0.554140127388535,0.011916583912611719,0.01638530287984111,0.005958291956305859,0.003972194637537239
orth_08_s04,orth_08,orth,de,German,P3,P3,True,2239,11.423469387755102,0.03439035283608754,0.2233139794551139,0.1143367574810183,0.04242965609647164,0.23306233062330622,0.5284552845528455,0.6299422169811321,51.6975316649457,0.004912907548012505,0.01027244305493524,0.0013398838767306833,0.16666666666666666,0.3387096774193548,0.007146047342563644,0.020991514068780706,0.006252791424743189,0.004912907548012505
orth_09_s01,orth_09,orth,de,German,P3,P3,True,1465,14.948979591836734,0.019795221843003412,0.2075085324232082,0.10853242320819112,0.05324232081911263,0.2773109243697479,0.42857142857142855,0.6207362869198312,52.593144837948444,0.00477815699658703,0.010921501706484642,0.0013651877133105802,0.08163265306122448,0.23469387755102042,0.008191126279863481,0.008873720136518772,0.00477815699658703,0.0013651877133105802
orth_10_s01,orth_10,orth,de,German,P3,P3,True,2009,12.796178343949045,0.022399203583872575,0.22797411647585863,0.11548033847685416,0.0467894474863116,0.3161094224924012,0.45592705167173253,0.6306092265943012,53.80800975356877,0.003982080637132902,0.010950721752115481,0.001991040318566451,0.09803921568627451,0.22875816993464052,0.0024888003982080635,0.017919362867098058,0.007964161274265804,0.0054753608760577405
orth_11_s01,orth_11,orth,de,German,P3,P3,True,2995,13.370535714285714,0.03138564273789649,0.21569282136894824,0.12186978297161936,0.038731218697829715,0.16326530612244897,0.5612244897959183,0.6438864379084968,45.29748437760692,0.002337228714524207,0.009348914858096828,0.000333889816360601,0.11162790697674418,0.3023255813953488,0.004340567612687813,0.009348914858096828,0.004340567612687813,0.001669449081803005
orth_12_s01,orth_12,orth,de,German,P3,P3,True,2031,13.91095890410959,0.04037419990152634,0.21467257508616444,0.1294928606597735,0.03741999015263417,0.17045454545454544,0.625,0.6072122830440587,55.61672503748111,0.003938946331856229,0.010832102412604629,0.002461841457410143,0.06993006993006994,0.20279720279720279,0.007385524372230428,0.007877892663712457,0.0014771048744460858,0.0029542097488921715
orth_12_s02,orth_12,orth,de,German,P3,P3,True,1303,13.03,0.02916346891788181,0.22486569455103608,0.10514198004604758,0.05448963929393707,0.21717171717171718,0.5252525252525253,0.6483398184176394,51.86930373860748,0.006907137375287797,0.009976976208749041,0.0030698388334612432,0.10638297872340426,0.32978723404255317,0.004604758250191865,0.01841903300076746,0.0061396776669224865,0.0007674597083653108
orth_13_s01,orth_13,orth,de,German,P3,P3,True,2442,14.19767441860465,0.03276003276003276,0.21171171171171171,0.11179361179361179,0.05773955773955774,0.17733990147783252,0.5221674876847291,0.5997665245202559,50.490858725761775,0.006142506142506142,0.007780507780507781,0.0012285012285012285,0.09523809523809523,0.27380952380952384,0.00819000819000819,0.020884520884520884,0.007371007371007371,0.005323505323505323
orth_14_s01,orth_14,orth,de,German,P3,P3,True,2472,12.676923076923076,0.03478964401294499,0.21359223300970873,0.11812297734627832,0.04571197411003236,0.2240566037735849,0.5448113207547169,0.6242642487046632,50.84710428283464,0.0052588996763754045,0.013349514563106795,0.0020226537216828477,0.09375,0.24479166666666666,0.0048543689320388345,0.021035598705501618,0.006067961165048544,0.0036407766990291263
orth_15_s01,orth_15,orth,de,German,P3,P3,True,2070,14.178082191780822,0.051207729468599035,0.19951690821256038,0.12560386473429952,0.04589371980676329,0.17158176943699732,0.5656836461126006,0.6113675324675325,48.02862090173447,0.0014492753623188406,0.01497584541062802,0.0004830917874396135,0.11188811188811189,0.2727272727272727,0.010144927536231883,0.018357487922705314,0.006280193236714976,0.003864734299516908
orth_15_s02,orth_15,orth,de,German,P3,P3,True,1559,13.324786324786325,0.0359204618345093,0.2020525978191148,0.11096856959589481,0.04939063502245029,0.16600790513833993,0.6047430830039525,0.6083795761078998,54.19136468519524,0.003207184092366902,0.011545862732520847,0.0012828736369467607,0.05309734513274336,0.3185840707964602,0.007055805003207184,0.02052597819114817,0.007697241821680564,0.0025657472738935213
