unit_id,n_scored,positive_ratio,negative_ratio,neutral_ratio
applebaum_01,149,0.040268456375838924,0.5167785234899329,0.4429530201342282
applebaum_02,106,0.09433962264150944,0.39622641509433965,0.5094339622641509
applebaum_03,112,0.15178571428571427,0.5267857142857143,0.32142857142857145
applebaum_04,409,0.07090464547677261,0.3594132029339853,0.5696821515892421
applebaum_05,168,0.05952380952380952,0.5178571428571429,0.4226190476190476
applebaum_06,257,0.08560311284046693,0.4280155642023346,0.48638132295719844
applebaum_07,168,0.08928571428571429,0.3273809523809524,0.5833333333333334
applebaum_08,152,0.14473684210526316,0.48026315789473684,0.375
applebaum_09,106,0.05660377358490566,0.36792452830188677,0.5754716981132075
applebaum_10,73,0.0410958904109589,0.4931506849315068,0.4657534246575342
applebaum_11,110,0.11818181818181818,0.36363636363636365,0.5181818181818182
applebaum_12,323,0.10835913312693499,0.3188854489164087,0.5727554179566563
applebaum_13,246,0.12601626016260162,0.32926829268292684,0.5447154471544715
applebaum_14,243,0.08641975308641975,0.5679012345679012,0.345679012345679
applebaum_15,220,0.09545454545454546,0.32272727272727275,0.5818181818181818
applebaum_16,196,0.1377551020408163,0.33163265306122447,0.5306122448979592
applebaum_17,111,0.06306306306306306,0.3063063063063063,0.6306306306306306
applebaum_18,72,0.041666666666666664,0.4722222222222222,0.4861111111111111
applebaum_19,415,0.07951807228915662,0.3855421686746988,0.5349397590361445
applebaum_20,110,0.1,0.32727272727272727,0.5727272727272728
applebaum_21,96,0.08333333333333333,0.3333333333333333,0.5833333333333334
applebaum_22,266,0.06390977443609022,0.3308270676691729,0.6052631578947368
applebaum_23,158,0.04430379746835443,0.5,0.45569620253164556
applebaum_24,186,0.10215053763440861,0.4032258064516129,0.4946236559139785
applebaum_25,247,0.09716599190283401,0.4331983805668016,0.46963562753036436
applebaum_26,214,0.08411214953271028,0.35046728971962615,0.5654205607476636
applebaum_27,273,0.08058608058608059,0.4139194139194139,0.5054945054945055
brumme_01,137,0.051094890510948905,0.43795620437956206,0.5109489051094891
brumme_02,84,0.03571428571428571,0.36904761904761907,0.5952380952380952
brumme_03,91,0.06593406593406594,0.4065934065934066,0.5274725274725275
brumme_04,111,0.05405405405405406,0.4954954954954955,0.45045045045045046
brumme_05,93,0.13978494623655913,0.3548387096774194,0.5053763440860215
brumme_06,122,0.040983606557377046,0.4918032786885246,0.4672131147540984
brumme_07,110,0.11818181818181818,0.39090909090909093,0.4909090909090909
brumme_08,82,0.13414634146341464,0.4634146341463415,0.4024390243902439
brumme_09,107,0.09345794392523364,0.45794392523364486,0.4485981308411215
brumme_10,82,0.10975609756097561,0.4024390243902439,0.4878048780487805
brumme_11,72,0.06944444444444445,0.5138888888888888,0.4166666666666667
brumme_12,97,0.07216494845360824,0.5257731958762887,0.4020618556701031
brumme_13,94,0.0851063829787234,0.3404255319148936,0.574468085106383
brumme_14,78,0.16666666666666666,0.4358974358974359,0.3974358974358974
brumme_15,90,0.1111111111111111,0.34444444444444444,0.5444444444444444
brumme_16,89,0.06741573033707865,0.5168539325842697,0.4157303370786517
brumme_17,119,0.10084033613445378,0.3949579831932773,0.5042016806722689
brumme_18,93,0.08602150537634409,0.41935483870967744,0.4946236559139785
brumme_19,142,0.09154929577464789,0.4154929577464789,0.49295774647887325
miller_01,215,0.08372093023255814,0.4232558139534884,0.4930232558139535
miller_02,443,0.1580135440180587,0.31376975169300225,0.5282167042889391
miller_03,471,0.19745222929936307,0.24416135881104034,0.5583864118895966
miller_04,513,0.07017543859649122,0.4697855750487329,0.4600389863547758
miller_05,152,0.16447368421052633,0.3618421052631579,0.47368421052631576
miller_06,936,0.06837606837606838,0.5010683760683761,0.4305555555555556
miller_07,355,0.08450704225352113,0.523943661971831,0.39154929577464787
miller_08,111,0.02702702702702703,0.6666666666666666,0.3063063063063063
miller_09,174,0.034482758620689655,0.5402298850574713,0.42528735632183906
miller_10,151,0.0728476821192053,0.47019867549668876,0.45695364238410596
miller_11,156,0.07051282051282051,0.4230769230769231,0.5064102564102564
miller_12,80,0.0375,0.35,0.6125
miller_13,62,0.08064516129032258,0.5161290322580645,0.4032258064516129
miller_14,147,0.04081632653061224,0.5510204081632653,0.40816326530612246
miller_15,111,0.06306306306306306,0.44144144144144143,0.4954954954954955
miller_16,118,0.0423728813559322,0.3898305084745763,0.5677966101694916
miller_17,110,0.05454545454545454,0.39090909090909093,0.5545454545454546
miller_18,148,0.12837837837837837,0.34459459459459457,0.527027027027027
miller_19,129,0.06976744186046512,0.5348837209302325,0.3953488372093023
miller_20,70,0.11428571428571428,0.44285714285714284,0.44285714285714284
miller_21,56,0.08928571428571429,0.42857142857142855,0.48214285714285715
miller_22,137,0.072992700729927,0.5255474452554745,0.40145985401459855
miller_23,77,0.012987012987012988,0.5194805194805194,0.4675324675324675
miller_24,112,0.07142857142857142,0.45535714285714285,0.4732142857142857
miller_25,81,0.06172839506172839,0.5802469135802469,0.35802469135802467
miller_26,117,0.02564102564102564,0.4444444444444444,0.5299145299145299
miller_27,172,0.1744186046511628,0.38953488372093026,0.436046511627907
miller_28,83,0.0963855421686747,0.4457831325301205,0.4578313253012048
miller_29,120,0.058333333333333334,0.4083333333333333,0.5333333333333333
miller_30,109,0.08256880733944955,0.41284403669724773,0.5045871559633027
miller_31,70,0.07142857142857142,0.42857142857142855,0.5
miller_32,118,0.09322033898305085,0.3983050847457627,0.5084745762711864
miller_33,176,0.07954545454545454,0.2840909090909091,0.6363636363636364
miller_34,199,0.02512562814070352,0.5577889447236181,0.41708542713567837
miller_35,111,0.0990990990990991,0.4144144144144144,0.4864864864864865
miller_36,171,0.029239766081871343,0.5964912280701754,0.3742690058479532
miller_37,217,0.018433179723502304,0.5161290322580645,0.46543778801843316
miller_38,92,0.14130434782608695,0.41304347826086957,0.44565217391304346
miller_39,115,0.0782608695652174,0.5826086956521739,0.3391304347826087
miller_40,151,0.019867549668874173,0.4966887417218543,0.48344370860927155
miller_41,444,0.07882882882882883,0.43243243243243246,0.48873873873873874
miller_42,81,0.012345679012345678,0.41975308641975306,0.5679012345679012
miller_43,82,0.04878048780487805,0.5487804878048781,0.4024390243902439
miller_44,98,0.05102040816326531,0.6224489795918368,0.32653061224489793
miller_45,31,0.1935483870967742,0.2903225806451613,0.5161290322580645
miller_46,38,0.15789473684210525,0.3157894736842105,0.5263157894736842
nicolay_01,52,0.019230769230769232,0.38461538461538464,0.5961538461538461
nicolay_02,349,0.07449856733524356,0.4040114613180516,0.5214899713467048
nicolay_03,365,0.07397260273972603,0.33972602739726027,0.5863013698630137
nicolay_04,138,0.07246376811594203,0.2971014492753623,0.6304347826086957
nicolay_05,241,0.12448132780082988,0.3278008298755187,0.5477178423236515
nicolay_06,715,0.08951048951048951,0.4951048951048951,0.4153846153846154
nicolay_07,441,0.07256235827664399,0.35147392290249435,0.5759637188208617
nicolay_08,665,0.07819548872180451,0.4330827067669173,0.48872180451127817
nicolay_09,143,0.06293706293706294,0.4125874125874126,0.5244755244755245
nicolay_10,210,0.0761904761904762,0.4238095238095238,0.5
nicolay_11,564,0.07801418439716312,0.3191489361702128,0.6028368794326241
nicolay_12,122,0.05737704918032787,0.3442622950819672,0.5983606557377049
nicolay_13,1045,0.08133971291866028,0.37607655502392345,0.5425837320574163
orth_01,411,0.09245742092457421,0.26520681265206814,0.6423357664233577
orth_02,231,0.15584415584415584,0.22510822510822512,0.6190476190476191
orth_03,463,0.10367170626349892,0.32397408207343414,0.572354211663067
orth_04,334,0.08083832335329341,0.2754491017964072,0.6437125748502994
orth_05,287,0.11498257839721254,0.30313588850174217,0.5818815331010453
orth_06,532,0.07330827067669173,0.3082706766917293,0.618421052631579
orth_07,448,0.10267857142857142,0.3013392857142857,0.5959821428571429
orth_08,653,0.10719754977029096,0.3981623277182236,0.4946401225114854
orth_09,98,0.08163265306122448,0.23469387755102042,0.6836734693877551
orth_10,153,0.09803921568627451,0.22875816993464052,0.673202614379085
orth_11,215,0.11162790697674418,0.3023255813953488,0.586046511627907
orth_12,237,0.08438818565400844,0.25316455696202533,0.6624472573839663
orth_13,168,0.09523809523809523,0.27380952380952384,0.6309523809523809
orth_14,192,0.09375,0.24479166666666666,0.6614583333333334
orth_15,256,0.0859375,0.29296875,0.62109375
