book,unit_id,period,People and everyday life,Place and movement,Politics and nation,War
applebaum,applebaum_19,P1,2062,3448,1020,548
applebaum,applebaum_20,P1,1294,327,231,0
applebaum,applebaum_21,P1,1422,810,0,110
applebaum,applebaum_22,P1,1665,1986,470,219
applebaum,applebaum_23,P1,1213,1152,313,229
applebaum,applebaum_24,P1,1123,1953,0,0
applebaum,applebaum_26,P1,1492,2022,210,105
brumme,brumme_01,,236,370,1431,210
brumme,brumme_02,P2,218,0,587,214
brumme,brumme_03,P2,209,106,638,322
brumme,brumme_04,P2,125,100,540,652
brumme,brumme_05,P2,221,102,741,101
brumme,brumme_06,P2,0,100,1266,206
brumme,brumme_07,P3,104,206,764,315
brumme,brumme_08,P3,101,114,341,467
brumme,brumme_09,P3,534,321,216,218
brumme,brumme_10,P3,0,158,750,103
brumme,brumme_11,P3,224,0,551,218
brumme,brumme_12,P3,101,0,882,339
brumme,brumme_13,P3,211,321,667,206
brumme,brumme_14,P3,0,217,667,217
brumme,brumme_15,P3,314,104,642,123
brumme,brumme_16,P3,323,0,929,107
brumme,brumme_17,P3,549,213,412,331
brumme,brumme_18,P3,332,228,740,122
brumme,brumme_19,P3,206,215,751,633
miller,miller_01,P3,1199,205,598,1490
miller,miller_02,P1,4893,1906,1020,1067
miller,miller_03,P1,7487,348,854,101
miller,miller_04,P1,2924,1820,4226,1788
miller,miller_05,P1,1144,818,752,240
miller,miller_06,P2,2252,1880,8924,4958
miller,miller_07,P2,102,976,2886,2915
miller,miller_08,P2,0,102,1702,114
miller,miller_09,P2,107,107,1649,1272
miller,miller_10,P2,1150,434,430,619
miller,miller_11,P2,106,342,1312,1080
miller,miller_12,P2,104,0,214,899
miller,miller_13,P2,104,0,357,700
miller,miller_14,P2,218,0,745,1326
miller,miller_15,P2,503,0,121,1496
miller,miller_16,P2,445,361,0,1115
miller,miller_17,P2,450,106,0,1293
miller,miller_18,P2,581,207,354,1309
miller,miller_19,P2,1334,218,0,686
miller,miller_20,P2,280,0,0,858
miller,miller_21,P2,0,0,0,1118
miller,miller_22,P2,638,0,226,1510
miller,miller_23,P2,926,0,112,211
miller,miller_24,P2,208,119,106,1353
miller,miller_25,P2,219,0,598,544
miller,miller_26,P2,0,0,1578,555
miller,miller_27,P2,550,0,2281,106
miller,miller_28,P2,523,234,589,210
miller,miller_29,P3,217,105,1109,597
miller,miller_30,P3,0,0,0,1924
miller,miller_31,P3,0,0,0,1209
miller,miller_32,P3,216,366,454,1058
miller,miller_33,P3,1360,500,337,1404
miller,miller_34,P3,1107,950,532,1007
miller,miller_35,P3,620,0,0,1308
miller,miller_36,P3,536,200,551,2017
miller,miller_37,P2,641,115,683,2356
miller,miller_38,P2,0,460,344,1268
miller,miller_39,P3,115,0,331,1503
miller,miller_40,P3,1188,100,330,1217
miller,miller_41,P3,1034,1330,106,4713
miller,miller_42,P3,213,110,0,850
miller,miller_43,P3,108,104,161,1119
miller,miller_44,P3,113,0,223,1215
nicolay,nicolay_02,P1,3130,3330,226,222
nicolay,nicolay_13,P2,12154,2714,3802,1009
orth,orth_01,P3,2267,1317,967,961
orth,orth_02,P3,1717,788,432,223
orth,orth_03,P3,3248,630,1496,1077
orth,orth_04,P3,2261,839,410,973
orth,orth_05,P3,1173,635,1202,970
orth,orth_06,P3,4231,1193,760,1078
orth,orth_07,P3,2234,909,960,1426
orth,orth_08,P3,2472,1376,1871,2555
orth,orth_09,P3,639,317,390,119
orth,orth_10,P3,748,525,0,721
orth,orth_11,P3,2047,324,308,316
orth,orth_12,P3,1554,655,404,672
orth,orth_13,P3,908,121,934,450
orth,orth_14,P3,1052,540,334,546
orth,orth_15,P3,1585,856,333,855
